"Date Time, GMT-10:00","Temp, °C (LGR S/N: 21086840, SEN S/N: 21086840)","Intensity, Lux (LGR S/N: 21086840, SEN S/N: 21086840)"
23-03-01 10:53:26,29.352,21.5
23-03-01 11:53:26,28.555,21.5
23-03-01 12:53:26,27.764,0.0
23-03-01 13:53:26,27.665,10.8
23-03-01 14:53:26,28.853,0.0
23-03-01 15:53:26,28.953,258.3
23-03-01 16:53:26,29.053,204.5
23-03-01 17:53:26,29.053,172.2
23-03-01 18:53:26,29.053,0.0
23-03-01 19:53:26,29.053,0.0
23-03-01 20:53:26,29.053,0.0
23-03-01 21:53:26,29.152,0.0
23-03-01 22:53:26,29.053,0.0
23-03-01 23:53:26,29.053,0.0
23-03-02 00:53:26,29.152,0.0
23-03-02 01:53:26,29.053,0.0
23-03-02 02:53:26,28.357,0.0
23-03-02 03:53:26,28.060,0.0
23-03-02 04:53:26,28.357,0.0
23-03-02 05:53:26,28.456,0.0
23-03-02 06:53:26,28.555,322.9
23-03-02 07:53:26,28.754,1324.0
23-03-02 08:53:26,29.053,5166.7
23-03-02 09:53:26,29.352,8266.7
23-03-02 10:53:26,29.352,9644.5
23-03-02 11:53:26,29.552,5166.7
23-03-02 12:53:26,29.352,9644.5
23-03-02 13:53:26,29.452,6544.5
23-03-02 14:53:26,29.252,4650.0
23-03-02 15:53:26,29.053,1216.3
23-03-02 16:53:26,29.152,1151.7
23-03-02 17:53:26,29.152,258.3
23-03-02 18:53:26,29.152,0.0
23-03-02 19:53:26,29.152,0.0
23-03-02 20:53:26,29.053,0.0
23-03-02 21:53:26,29.053,0.0
23-03-02 22:53:26,28.953,0.0
23-03-02 23:53:26,29.053,0.0
23-03-03 00:53:26,28.953,0.0
23-03-03 01:53:26,29.053,0.0
23-03-03 02:53:26,29.053,0.0
23-03-03 03:53:26,29.053,0.0
23-03-03 04:53:26,28.953,0.0
23-03-03 05:53:26,28.953,0.0
23-03-03 06:53:26,29.053,796.5
23-03-03 07:53:26,29.053,3272.2
23-03-03 08:53:26,28.754,2583.4
23-03-03 09:53:26,29.053,1550.0
23-03-03 10:53:26,29.053,2583.4
23-03-03 11:53:26,29.252,7233.4
23-03-03 12:53:26,29.152,3272.2
23-03-03 13:53:26,29.152,3788.9
23-03-03 14:53:26,29.053,947.2
23-03-03 15:53:26,29.053,1894.5
23-03-03 16:53:26,28.953,839.6
23-03-03 17:53:26,28.754,161.5
23-03-03 18:53:26,29.053,0.0
23-03-03 19:53:26,29.053,0.0
23-03-03 20:53:26,29.152,0.0
23-03-03 21:53:26,29.053,0.0
23-03-03 22:53:26,29.053,0.0
23-03-03 23:53:26,29.053,0.0
23-03-04 00:53:26,28.953,0.0
23-03-04 01:53:26,29.053,0.0
23-03-04 02:53:26,29.053,0.0
23-03-04 03:53:26,29.053,0.0
23-03-04 04:53:26,28.853,0.0
23-03-04 05:53:26,28.953,0.0
23-03-04 06:53:26,29.053,193.8
23-03-04 07:53:26,29.053,1722.2
23-03-04 08:53:26,28.853,2927.8
23-03-04 09:53:26,29.053,5166.7
23-03-04 10:53:26,29.252,6544.5
23-03-04 11:53:26,29.053,1463.9
23-03-04 12:53:26,29.252,3100.0
23-03-04 13:53:26,29.452,5511.1
23-03-04 14:53:26,29.252,3272.2
23-03-04 15:53:26,29.252,2238.9
23-03-04 16:53:26,29.252,1636.1
23-03-04 17:53:26,29.152,376.7
23-03-04 18:53:26,29.053,0.0
23-03-04 19:53:26,29.152,0.0
23-03-04 20:53:26,29.152,0.0
23-03-04 21:53:26,29.152,0.0
23-03-04 22:53:26,29.152,0.0
23-03-04 23:53:26,29.152,0.0
23-03-05 00:53:26,29.152,0.0
23-03-05 01:53:26,29.053,0.0
23-03-05 02:53:26,29.152,0.0
23-03-05 03:53:26,29.152,0.0
23-03-05 04:53:26,29.053,0.0
23-03-05 05:53:26,29.053,0.0
23-03-05 06:53:26,29.152,387.5
23-03-05 07:53:26,29.053,204.5
23-03-05 08:53:26,28.555,753.5
23-03-05 09:53:26,28.555,398.3
23-03-05 10:53:26,28.853,1356.3
23-03-05 11:53:26,29.152,1463.9
23-03-05 12:53:26,29.152,1550.0
23-03-05 13:53:26,29.252,1980.6
23-03-05 14:53:26,29.252,1216.3
23-03-05 15:53:26,29.152,86.1
23-03-05 16:53:26,29.152,75.3
23-03-05 17:53:26,29.053,10.8
23-03-05 18:53:26,29.152,0.0
23-03-05 19:53:26,29.152,0.0
23-03-05 20:53:26,29.053,0.0
23-03-05 21:53:26,28.953,0.0
23-03-05 22:53:26,28.953,0.0
23-03-05 23:53:26,28.953,0.0
23-03-06 00:53:26,28.953,0.0
23-03-06 01:53:26,29.053,0.0
23-03-06 02:53:26,28.953,0.0
23-03-06 03:53:26,28.953,0.0
23-03-06 04:53:26,29.053,0.0
23-03-06 05:53:26,28.853,0.0
23-03-06 06:53:26,28.853,43.1
23-03-06 07:53:26,28.655,322.9
23-03-06 08:53:26,28.953,1636.1
23-03-06 09:53:26,28.853,3616.7
23-03-06 10:53:26,29.053,3788.9
23-03-06 11:53:26,29.053,2066.7
23-03-06 12:53:26,28.953,2325.0
23-03-06 13:53:26,28.953,1722.2
23-03-06 14:53:26,28.953,484.4
23-03-06 15:53:26,28.853,236.8
23-03-06 16:53:26,28.853,409.0
23-03-06 17:53:26,28.853,21.5
23-03-06 18:53:26,28.853,0.0
23-03-06 19:53:26,28.853,0.0
23-03-06 20:53:26,28.655,0.0
23-03-06 21:53:26,28.357,0.0
23-03-06 22:53:26,28.853,0.0
23-03-06 23:53:26,28.853,0.0
23-03-07 00:53:26,28.853,0.0
23-03-07 01:53:26,28.853,0.0
23-03-07 02:53:26,28.853,0.0
23-03-07 03:53:26,28.853,0.0
23-03-07 04:53:26,28.853,0.0
23-03-07 05:53:26,28.853,0.0
23-03-07 06:53:26,28.853,290.6
23-03-07 07:53:26,28.853,1291.7
23-03-07 08:53:26,28.953,3616.7
23-03-07 09:53:26,28.953,5511.1
23-03-07 10:53:26,29.152,6544.5
23-03-07 11:53:26,29.053,4305.6
23-03-07 12:53:26,28.953,1722.2
23-03-07 13:53:26,29.053,3100.0
23-03-07 14:53:26,28.953,1377.8
23-03-07 15:53:26,28.953,882.6
23-03-07 16:53:26,28.853,236.8
23-03-07 17:53:26,28.853,43.1
23-03-07 18:53:26,28.853,0.0
23-03-07 19:53:26,28.853,0.0
23-03-07 20:53:26,28.953,0.0
23-03-07 21:53:26,28.853,0.0
23-03-07 22:53:26,28.953,0.0
23-03-07 23:53:26,28.953,0.0
23-03-08 00:53:26,28.953,0.0
23-03-08 01:53:26,28.953,0.0
23-03-08 02:53:26,28.853,0.0
23-03-08 03:53:26,28.953,0.0
23-03-08 04:53:26,28.853,0.0
23-03-08 05:53:26,28.853,0.0
23-03-08 06:53:26,28.853,764.2
23-03-08 07:53:26,28.953,1808.3
23-03-08 08:53:26,29.053,2755.6
23-03-08 09:53:26,29.053,4650.0
23-03-08 10:53:26,28.953,6544.5
23-03-08 11:53:26,29.252,10333.4
23-03-08 12:53:26,29.252,7233.4
23-03-08 13:53:26,29.152,4650.0
23-03-08 14:53:26,29.053,1377.8
23-03-08 15:53:26,29.053,1087.2
23-03-08 16:53:26,29.053,505.9
23-03-08 17:53:26,29.053,139.9
23-03-08 18:53:26,29.053,0.0
23-03-08 19:53:26,29.053,0.0
23-03-08 20:53:26,28.953,0.0
23-03-08 21:53:26,28.953,0.0
23-03-08 22:53:26,28.953,0.0
23-03-08 23:53:26,28.953,0.0
23-03-09 00:53:26,28.953,0.0
23-03-09 01:53:26,28.953,0.0
23-03-09 02:53:26,28.953,0.0
23-03-09 03:53:26,28.953,0.0
23-03-09 04:53:26,28.953,0.0
23-03-09 05:53:26,28.953,0.0
23-03-09 06:53:26,28.953,828.8
23-03-09 07:53:26,29.053,2497.2
23-03-09 08:53:26,29.053,4822.3
23-03-09 09:53:26,29.252,8266.7
23-03-09 10:53:26,29.252,13089.0
23-03-09 11:53:26,29.352,10333.4
23-03-09 12:53:26,29.252,7577.8
23-03-09 13:53:26,29.352,7233.4
23-03-09 14:53:26,29.152,3444.5
23-03-09 15:53:26,29.053,1033.3
23-03-09 16:53:26,29.053,1087.2
23-03-09 17:53:26,28.953,215.3
23-03-09 18:53:26,28.953,0.0
23-03-09 19:53:26,28.953,0.0
23-03-09 20:53:26,28.853,0.0
23-03-09 21:53:26,28.953,0.0
23-03-09 22:53:26,28.754,0.0
23-03-09 23:53:26,28.754,0.0
23-03-10 00:53:26,28.953,0.0
23-03-10 01:53:26,28.953,0.0
23-03-10 02:53:26,28.853,0.0
23-03-10 03:53:26,28.953,0.0
23-03-10 04:53:26,28.953,0.0
23-03-10 05:53:26,28.853,0.0
23-03-10 06:53:26,28.953,1280.9
23-03-10 07:53:26,29.152,3788.9
23-03-10 08:53:26,29.152,6200.0
23-03-10 09:53:26,29.252,8266.7
23-03-10 10:53:26,29.053,3961.1
23-03-10 11:53:26,29.252,7233.4
23-03-10 12:53:26,29.252,8266.7
23-03-10 13:53:26,29.152,5511.1
23-03-10 14:53:26,29.152,2152.8
23-03-10 15:53:26,29.252,1894.5
23-03-10 16:53:26,29.053,322.9
23-03-10 17:53:26,29.053,107.6
23-03-10 18:53:26,28.953,0.0
23-03-10 19:53:26,28.853,0.0
23-03-10 20:53:26,28.853,0.0
23-03-10 21:53:26,28.953,0.0
23-03-10 22:53:26,28.853,0.0
23-03-10 23:53:26,28.853,0.0
23-03-11 00:53:26,28.853,0.0
23-03-11 01:53:26,28.853,0.0
23-03-11 02:53:26,28.953,0.0
23-03-11 03:53:26,28.953,0.0
23-03-11 04:53:26,28.953,0.0
23-03-11 05:53:26,28.953,0.0
23-03-11 06:53:26,28.953,775.0
23-03-11 07:53:26,28.953,1216.3
23-03-11 08:53:26,29.053,1980.6
23-03-11 09:53:26,29.053,2066.7
23-03-11 10:53:26,28.953,1463.9
23-03-11 11:53:26,28.953,979.5
23-03-11 12:53:26,29.152,3444.5
23-03-11 13:53:26,28.953,2152.8
23-03-11 14:53:26,29.053,2497.2
23-03-11 15:53:26,29.053,1345.5
23-03-11 16:53:26,29.053,193.8
23-03-11 17:53:26,29.053,86.1
23-03-11 18:53:26,28.953,0.0
23-03-11 19:53:26,28.953,0.0
23-03-11 20:53:26,28.853,0.0
23-03-11 21:53:26,28.853,0.0
23-03-11 22:53:26,28.953,0.0
23-03-11 23:53:26,28.953,0.0
23-03-12 00:53:26,28.953,0.0
23-03-12 01:53:26,28.853,0.0
23-03-12 02:53:26,28.456,0.0
23-03-12 03:53:26,28.655,0.0
23-03-12 04:53:26,28.754,0.0
23-03-12 05:53:26,28.853,0.0
23-03-12 06:53:26,28.853,602.8
23-03-12 07:53:26,28.953,1894.5
23-03-12 08:53:26,29.053,4133.4
23-03-12 09:53:26,29.053,4305.6
23-03-12 10:53:26,29.152,7577.8
23-03-12 11:53:26,29.252,6544.5
23-03-12 12:53:26,29.152,5511.1
23-03-12 13:53:26,29.053,3961.1
23-03-12 14:53:26,29.053,2066.7
23-03-12 15:53:26,28.953,1377.8
23-03-12 16:53:26,28.953,667.4
23-03-12 17:53:26,28.953,172.2
23-03-12 18:53:26,28.953,0.0
23-03-12 19:53:26,28.953,0.0
23-03-12 20:53:26,28.853,0.0
23-03-12 21:53:26,28.853,0.0
23-03-12 22:53:26,28.853,0.0
23-03-12 23:53:26,28.853,0.0
23-03-13 00:53:26,28.853,0.0
23-03-13 01:53:26,28.853,0.0
23-03-13 02:53:26,28.853,0.0
23-03-13 03:53:26,28.853,0.0
23-03-13 04:53:26,28.853,0.0
23-03-13 05:53:26,28.853,0.0
23-03-13 06:53:26,28.853,839.6
23-03-13 07:53:26,28.853,2755.6
23-03-13 08:53:26,29.053,4994.5
23-03-13 09:53:26,29.152,8611.2
23-03-13 10:53:26,29.252,10677.8
23-03-13 11:53:26,29.252,7577.8
23-03-13 12:53:26,29.152,6544.5
23-03-13 13:53:26,29.053,4650.0
23-03-13 14:53:26,29.152,2669.5
23-03-13 15:53:26,28.953,1119.5
23-03-13 16:53:26,28.953,592.0
23-03-13 17:53:26,28.953,129.2
23-03-13 18:53:26,28.853,0.0
23-03-13 19:53:26,28.953,0.0
23-03-13 20:53:26,28.853,0.0
23-03-13 21:53:26,29.053,0.0
23-03-13 22:53:26,29.053,0.0
23-03-13 23:53:26,29.053,0.0
23-03-14 00:53:26,29.053,0.0
23-03-14 01:53:26,29.152,0.0
23-03-14 02:53:26,29.152,0.0
23-03-14 03:53:26,29.152,0.0
23-03-14 04:53:26,29.152,0.0
23-03-14 05:53:26,29.152,0.0
23-03-14 06:53:26,29.152,656.6
23-03-14 07:53:26,29.252,4133.4
23-03-14 08:53:26,29.352,6200.0
23-03-14 09:53:26,29.352,6544.5
23-03-14 10:53:26,29.452,8266.7
23-03-14 11:53:26,29.352,5166.7
23-03-14 12:53:26,29.452,10333.4
23-03-14 13:53:26,29.252,5511.1
23-03-14 14:53:26,29.152,3272.2
23-03-14 15:53:26,29.152,1636.1
23-03-14 16:53:26,29.152,796.5
23-03-14 17:53:26,29.152,172.2
23-03-14 18:53:26,29.152,0.0
23-03-14 19:53:26,29.152,0.0
23-03-14 20:53:26,29.152,0.0
23-03-14 21:53:26,29.152,0.0
23-03-14 22:53:26,29.152,0.0
23-03-14 23:53:26,29.152,0.0
23-03-15 00:53:26,29.352,0.0
23-03-15 01:53:26,29.152,0.0
23-03-15 02:53:26,28.953,0.0
23-03-15 03:53:26,29.053,0.0
23-03-15 04:53:26,29.152,0.0
23-03-15 05:53:26,29.152,0.0
23-03-15 06:53:26,29.252,495.1
23-03-15 07:53:26,29.152,624.3
23-03-15 08:53:26,29.152,839.6
23-03-15 09:53:26,29.152,968.8
23-03-15 10:53:26,29.252,2066.7
23-03-15 11:53:26,29.252,1808.3
23-03-15 12:53:26,29.352,2238.9
23-03-15 13:53:26,29.252,2755.6
23-03-15 14:53:26,29.152,3444.5
23-03-15 15:53:26,29.152,2583.4
23-03-15 16:53:26,29.252,1377.8
23-03-15 17:53:26,29.152,129.2
23-03-15 18:53:26,29.152,0.0
23-03-15 19:53:26,29.152,0.0
23-03-15 20:53:26,29.152,0.0
23-03-15 21:53:26,29.152,0.0
23-03-15 22:53:26,29.152,0.0
23-03-15 23:53:26,29.152,0.0
23-03-16 00:53:26,29.053,0.0
23-03-16 01:53:26,29.053,0.0
23-03-16 02:53:26,29.053,0.0
23-03-16 03:53:26,29.053,0.0
23-03-16 04:53:26,29.053,0.0
23-03-16 05:53:26,29.053,0.0
23-03-16 06:53:26,29.152,516.7
23-03-16 07:53:26,29.152,1722.2
23-03-16 08:53:26,29.252,4133.4
23-03-16 09:53:26,29.252,6544.5
23-03-16 10:53:26,29.452,9300.1
23-03-16 11:53:26,29.452,12400.1
23-03-16 12:53:26,29.552,10333.4
23-03-16 13:53:26,29.352,5166.7
23-03-16 14:53:26,29.352,6200.0
23-03-16 15:53:26,29.252,3272.2
23-03-16 16:53:26,29.252,1194.8
23-03-16 17:53:26,29.252,150.7
23-03-16 18:53:26,29.252,0.0
23-03-16 19:53:26,29.252,0.0
23-03-16 20:53:26,29.252,0.0
23-03-16 21:53:26,29.252,0.0
23-03-16 22:53:26,29.252,0.0
23-03-16 23:53:26,29.252,0.0
23-03-17 00:53:26,29.252,0.0
23-03-17 01:53:26,29.252,0.0
23-03-17 02:53:26,29.252,0.0
23-03-17 03:53:26,29.252,0.0
23-03-17 04:53:26,29.252,0.0
23-03-17 05:53:26,29.252,0.0
23-03-17 06:53:26,29.252,516.7
23-03-17 07:53:26,29.252,1636.1
23-03-17 08:53:26,29.352,1722.2
23-03-17 09:53:26,29.552,6200.0
23-03-17 10:53:26,29.252,2238.9
23-03-17 11:53:26,29.652,10677.8
23-03-17 12:53:26,29.352,5166.7
23-03-17 13:53:26,29.452,6544.5
23-03-17 14:53:26,29.352,5511.1
23-03-17 15:53:26,29.252,2238.9
23-03-17 16:53:26,29.252,1151.7
23-03-17 17:53:26,29.252,96.9
23-03-17 18:53:26,29.252,0.0
23-03-17 19:53:26,29.252,0.0
23-03-17 20:53:26,29.252,0.0
23-03-17 21:53:26,29.252,0.0
23-03-17 22:53:26,29.252,0.0
23-03-17 23:53:26,29.252,0.0
23-03-18 00:53:26,29.152,0.0
23-03-18 01:53:26,29.152,0.0
23-03-18 02:53:26,29.152,0.0
23-03-18 03:53:26,29.152,0.0
23-03-18 04:53:26,29.152,0.0
23-03-18 05:53:26,29.152,0.0
23-03-18 06:53:26,29.152,538.2
23-03-18 07:53:26,29.252,1722.2
23-03-18 08:53:26,29.352,3788.9
23-03-18 09:53:26,29.352,3961.1
23-03-18 10:53:26,29.452,6200.0
23-03-18 11:53:26,29.452,5166.7
23-03-18 12:53:26,29.452,7577.8
23-03-18 13:53:26,29.552,9300.1
23-03-18 14:53:26,29.352,3100.0
23-03-18 15:53:26,29.252,1980.6
23-03-18 16:53:26,29.352,656.6
23-03-18 17:53:26,29.152,96.9
23-03-18 18:53:26,29.152,0.0
23-03-18 19:53:26,29.152,0.0
23-03-18 20:53:26,29.152,0.0
23-03-18 21:53:26,29.152,0.0
23-03-18 22:53:26,29.152,0.0
23-03-18 23:53:26,29.252,0.0
23-03-19 00:53:26,29.152,0.0
23-03-19 01:53:26,29.152,0.0
23-03-19 02:53:26,29.152,0.0
23-03-19 03:53:26,29.152,0.0
23-03-19 04:53:26,29.152,0.0
23-03-19 05:53:26,29.152,0.0
23-03-19 06:53:26,29.152,322.9
23-03-19 07:53:26,29.152,1550.0
23-03-19 08:53:26,29.252,2411.1
23-03-19 09:53:26,29.252,2411.1
23-03-19 10:53:26,29.352,4477.8
23-03-19 11:53:26,29.352,3961.1
23-03-19 12:53:26,29.352,3788.9
23-03-19 13:53:26,29.252,3616.7
23-03-19 14:53:26,29.252,2755.6
23-03-19 15:53:26,29.152,1377.8
23-03-19 16:53:26,29.152,570.5
23-03-19 17:53:26,29.152,139.9
23-03-19 18:53:26,29.152,0.0
23-03-19 19:53:26,29.152,0.0
23-03-19 20:53:26,29.152,0.0
23-03-19 21:53:26,29.152,0.0
23-03-19 22:53:26,29.152,0.0
23-03-19 23:53:26,29.152,0.0
23-03-20 00:53:26,29.152,0.0
23-03-20 01:53:26,29.152,0.0
23-03-20 02:53:26,29.053,0.0
23-03-20 03:53:26,28.655,0.0
23-03-20 04:53:26,28.853,0.0
23-03-20 05:53:26,28.953,0.0
23-03-20 06:53:26,29.053,462.9
23-03-20 07:53:26,29.152,1722.2
23-03-20 08:53:26,29.252,3100.0
23-03-20 09:53:26,29.452,6200.0
23-03-20 10:53:26,29.452,6544.5
23-03-20 11:53:26,29.552,7233.4
23-03-20 12:53:26,29.452,9644.5
23-03-20 13:53:26,29.452,7233.4
23-03-20 14:53:26,29.352,4822.3
23-03-20 15:53:26,29.152,2583.4
23-03-20 16:53:26,29.152,1130.2
23-03-20 17:53:26,29.053,139.9
23-03-20 18:53:26,29.152,0.0
23-03-20 19:53:26,29.053,0.0
23-03-20 20:53:26,29.053,0.0
23-03-20 21:53:26,29.053,0.0
23-03-20 22:53:26,29.053,0.0
23-03-20 23:53:26,29.152,0.0
23-03-21 00:53:26,29.053,0.0
23-03-21 01:53:26,29.053,0.0
23-03-21 02:53:26,29.053,0.0
23-03-21 03:53:26,29.053,0.0
23-03-21 04:53:26,29.053,0.0
23-03-21 05:53:26,29.152,0.0
23-03-21 06:53:26,29.152,527.4
23-03-21 07:53:26,29.152,1291.7
23-03-21 08:53:26,29.252,2583.4
23-03-21 09:53:26,29.352,4305.6
23-03-21 10:53:26,29.352,5338.9
23-03-21 11:53:26,29.252,2755.6
23-03-21 12:53:26,29.352,6544.5
23-03-21 13:53:26,29.452,6200.0
23-03-21 14:53:26,29.352,3961.1
23-03-21 15:53:26,29.252,2238.9
23-03-21 16:53:26,29.252,1054.9
23-03-21 17:53:26,29.352,86.1
23-03-21 18:53:26,29.352,0.0
23-03-21 19:53:26,29.352,0.0
23-03-21 20:53:26,29.352,0.0
23-03-21 21:53:26,29.352,0.0
23-03-21 22:53:26,29.252,0.0
23-03-21 23:53:26,29.252,0.0
23-03-22 00:53:26,29.252,0.0
23-03-22 01:53:26,29.252,0.0
23-03-22 02:53:26,29.252,0.0
23-03-22 03:53:26,29.252,0.0
23-03-22 04:53:26,29.252,0.0
23-03-22 05:53:26,29.252,0.0
23-03-22 06:53:26,29.252,581.3
23-03-22 07:53:26,29.352,1463.9
23-03-22 08:53:26,29.452,2927.8
23-03-22 09:53:26,29.552,6544.5
23-03-22 10:53:26,29.652,8266.7
23-03-22 11:53:26,29.652,8266.7
23-03-22 12:53:26,29.652,8266.7
23-03-22 13:53:26,29.552,7233.4
23-03-22 14:53:26,29.452,5166.7
23-03-22 15:53:26,29.352,2927.8
23-03-22 16:53:26,29.352,1141.0
23-03-22 17:53:26,29.252,139.9
23-03-22 18:53:26,29.252,0.0
23-03-22 19:53:26,29.452,0.0
23-03-22 20:53:26,29.452,0.0
23-03-22 21:53:26,29.452,0.0
23-03-22 22:53:26,29.352,0.0
23-03-22 23:53:26,29.252,0.0
23-03-23 00:53:26,29.352,0.0
23-03-23 01:53:26,29.252,0.0
23-03-23 02:53:26,29.252,0.0
23-03-23 03:53:26,29.352,0.0
23-03-23 04:53:26,29.352,0.0
23-03-23 05:53:26,29.352,0.0
23-03-23 06:53:26,29.352,505.9
23-03-23 07:53:26,29.452,1463.9
23-03-23 08:53:26,29.552,2927.8
23-03-23 09:53:26,29.552,4994.5
23-03-23 10:53:26,29.652,7233.4
23-03-23 11:53:26,29.652,8266.7
23-03-23 12:53:26,29.652,8611.2
23-03-23 13:53:26,29.552,5511.1
23-03-23 14:53:26,29.452,1356.3
23-03-23 15:53:26,29.452,2755.6
23-03-23 16:53:26,29.352,1108.7
23-03-23 17:53:26,29.552,75.3
23-03-23 18:53:26,29.252,0.0
23-03-23 19:53:26,29.252,0.0
23-03-23 20:53:26,29.352,0.0
23-03-23 21:53:26,29.352,0.0
23-03-23 22:53:26,29.352,0.0
23-03-23 23:53:26,29.352,0.0
23-03-24 00:53:26,29.352,0.0
23-03-24 01:53:26,29.352,0.0
23-03-24 02:53:26,29.352,0.0
23-03-24 03:53:26,29.252,0.0
23-03-24 04:53:26,29.352,0.0
23-03-24 05:53:26,29.252,0.0
23-03-24 06:53:26,29.352,505.9
23-03-24 07:53:26,29.452,1377.8
23-03-24 08:53:26,29.552,2325.0
23-03-24 09:53:26,29.652,3961.1
23-03-24 10:53:26,29.752,5166.7
23-03-24 11:53:26,29.752,7233.4
23-03-24 12:53:26,29.652,7577.8
23-03-24 13:53:26,29.552,5338.9
23-03-24 14:53:26,29.552,5511.1
23-03-24 15:53:26,29.452,2755.6
23-03-24 16:53:26,29.352,1248.6
23-03-24 17:53:26,29.252,86.1
23-03-24 18:53:26,29.252,0.0
23-03-24 19:53:26,29.252,0.0
23-03-24 20:53:26,29.252,0.0
23-03-24 21:53:26,29.252,0.0
23-03-24 22:53:26,29.252,0.0
23-03-24 23:53:26,29.252,0.0
23-03-25 00:53:26,29.252,0.0
23-03-25 01:53:26,29.252,0.0
23-03-25 02:53:26,29.252,0.0
23-03-25 03:53:26,29.252,0.0
23-03-25 04:53:26,29.352,0.0
23-03-25 05:53:26,29.352,0.0
23-03-25 06:53:26,29.352,366.0
23-03-25 07:53:26,29.452,1054.9
23-03-25 08:53:26,29.452,1980.6
23-03-25 09:53:26,29.552,2755.6
23-03-25 10:53:26,29.552,2755.6
23-03-25 11:53:26,29.652,3616.7
23-03-25 12:53:26,29.552,3616.7
23-03-25 13:53:26,29.552,3788.9
23-03-25 14:53:26,29.452,1377.8
23-03-25 15:53:26,29.452,1216.3
23-03-25 16:53:26,29.252,1194.8
23-03-25 17:53:26,29.252,129.2
23-03-25 18:53:26,29.152,0.0
23-03-25 19:53:26,29.352,0.0
23-03-25 20:53:26,29.252,0.0
23-03-25 21:53:26,29.252,0.0
23-03-25 22:53:26,29.352,0.0
23-03-25 23:53:26,29.252,0.0
23-03-26 00:53:26,28.953,0.0
23-03-26 01:53:26,29.053,0.0
23-03-26 02:53:26,29.352,0.0
23-03-26 03:53:26,29.152,0.0
23-03-26 04:53:26,29.252,0.0
23-03-26 05:53:26,29.352,0.0
23-03-26 06:53:26,29.352,419.8
23-03-26 07:53:26,29.352,1141.0
23-03-26 08:53:26,29.452,2066.7
23-03-26 09:53:26,29.552,2927.8
23-03-26 10:53:26,29.552,4994.5
23-03-26 11:53:26,29.552,5338.9
23-03-26 12:53:26,29.552,5166.7
23-03-26 13:53:26,29.452,4477.8
23-03-26 14:53:26,29.352,1033.3
23-03-26 15:53:26,29.652,1550.0
23-03-26 16:53:26,29.752,742.7
23-03-26 17:53:26,29.452,75.3
23-03-26 18:53:26,29.452,0.0
23-03-26 19:53:26,29.352,0.0
23-03-26 20:53:26,29.352,0.0
23-03-26 21:53:26,29.252,0.0
23-03-26 22:53:26,29.352,0.0
23-03-26 23:53:26,29.352,0.0
23-03-27 00:53:26,29.252,0.0
23-03-27 01:53:26,29.252,0.0
23-03-27 02:53:26,29.152,0.0
23-03-27 03:53:26,29.152,0.0
23-03-27 04:53:26,29.252,0.0
23-03-27 05:53:26,29.152,0.0
23-03-27 06:53:26,29.252,656.6
23-03-27 07:53:26,29.252,947.2
23-03-27 08:53:26,29.352,2583.4
23-03-27 09:53:26,29.452,6200.0
23-03-27 10:53:26,29.552,8266.7
23-03-27 11:53:26,29.452,4305.6
23-03-27 12:53:26,29.452,5511.1
23-03-27 13:53:26,29.452,4477.8
23-03-27 14:53:26,29.352,2669.5
23-03-27 15:53:26,29.452,2152.8
23-03-27 16:53:26,29.552,936.5
23-03-27 17:53:26,29.352,86.1
23-03-27 18:53:26,29.252,0.0
23-03-27 19:53:26,29.252,0.0
23-03-27 20:53:26,29.152,0.0
23-03-27 21:53:26,29.152,0.0
23-03-27 22:53:26,29.152,0.0
23-03-27 23:53:26,29.252,0.0
23-03-28 00:53:26,29.152,0.0
23-03-28 01:53:26,29.152,0.0
23-03-28 02:53:26,29.252,0.0
23-03-28 03:53:26,29.152,0.0
23-03-28 04:53:26,29.152,0.0
23-03-28 05:53:26,29.252,0.0
23-03-28 06:53:26,29.152,538.2
23-03-28 07:53:26,29.252,1162.5
23-03-28 08:53:26,29.352,2411.1
23-03-28 09:53:26,29.552,4650.0
23-03-28 10:53:26,29.552,5166.7
23-03-28 11:53:26,29.552,6544.5
23-03-28 12:53:26,29.552,6544.5
23-03-28 13:53:26,29.452,5166.7
23-03-28 14:53:26,29.452,2927.8
23-03-28 15:53:26,29.152,1550.0
23-03-28 16:53:26,29.252,376.7
23-03-28 17:53:26,29.352,32.3
23-03-28 18:53:26,29.452,0.0
23-03-28 19:53:26,29.452,0.0
23-03-28 20:53:26,29.352,0.0
23-03-28 21:53:26,29.352,0.0
23-03-28 22:53:26,29.252,0.0
23-03-28 23:53:26,29.252,0.0
23-03-29 00:53:26,29.252,0.0
23-03-29 01:53:26,29.252,0.0
23-03-29 02:53:26,29.053,0.0
23-03-29 03:53:26,29.152,0.0
23-03-29 04:53:26,29.152,0.0
23-03-29 05:53:26,29.152,0.0
23-03-29 06:53:26,29.252,366.0
23-03-29 07:53:26,29.352,1377.8
23-03-29 08:53:26,29.452,2583.4
23-03-29 09:53:26,29.252,4477.8
23-03-29 10:53:26,29.452,4650.0
23-03-29 11:53:26,29.552,5511.1
23-03-29 12:53:26,29.552,5338.9
23-03-29 13:53:26,29.452,3616.7
23-03-29 14:53:26,29.452,2755.6
23-03-29 15:53:26,29.352,1722.2
23-03-29 16:53:26,29.352,441.3
23-03-29 17:53:26,29.352,43.1
23-03-29 18:53:26,29.252,0.0
23-03-29 19:53:26,29.352,0.0
23-03-29 20:53:26,29.452,0.0
23-03-29 21:53:26,29.452,0.0
23-03-29 22:53:26,29.352,0.0
23-03-29 23:53:26,29.452,0.0
23-03-30 00:53:26,29.452,0.0
23-03-30 01:53:26,29.152,0.0
23-03-30 02:53:26,29.152,0.0
23-03-30 03:53:26,29.252,0.0
23-03-30 04:53:26,29.152,0.0
23-03-30 05:53:26,29.252,0.0
23-03-30 06:53:26,29.252,333.7
23-03-30 07:53:26,29.352,936.5
23-03-30 08:53:26,29.452,1894.5
23-03-30 09:53:26,29.452,3788.9
23-03-30 10:53:26,29.552,5166.7
23-03-30 11:53:26,29.652,6200.0
23-03-30 12:53:26,29.652,7233.4
23-03-30 13:53:26,29.552,5338.9
23-03-30 14:53:26,29.552,3100.0
23-03-30 15:53:26,29.452,1636.1
23-03-30 16:53:26,29.452,602.8
23-03-30 17:53:26,29.452,43.1
23-03-30 18:53:26,29.552,0.0
23-03-30 19:53:26,29.652,0.0
23-03-30 20:53:26,29.853,0.0
23-03-30 21:53:26,29.752,0.0
23-03-30 22:53:26,29.652,0.0
23-03-30 23:53:26,29.552,0.0
23-03-31 00:53:26,29.452,0.0
23-03-31 01:53:26,29.452,0.0
23-03-31 02:53:26,29.152,0.0
23-03-31 03:53:26,29.152,0.0
23-03-31 04:53:26,29.053,0.0
23-03-31 05:53:26,29.053,0.0
23-03-31 06:53:26,29.252,387.5
23-03-31 07:53:26,29.452,1076.4
23-03-31 08:53:26,29.652,2152.8
23-03-31 09:53:26,29.652,3616.7
23-03-31 10:53:26,29.652,4994.5
23-03-31 11:53:26,29.552,4994.5
23-03-31 12:53:26,29.652,2755.6
23-03-31 13:53:26,29.552,3100.0
23-03-31 14:53:26,29.452,1894.5
23-03-31 15:53:26,29.652,581.3
23-03-31 16:53:26,29.352,269.1
23-03-31 17:53:26,29.552,32.3
23-03-31 18:53:26,29.752,0.0
23-03-31 19:53:26,29.652,0.0
23-03-31 20:53:26,29.652,0.0
23-03-31 21:53:26,29.652,0.0
23-03-31 22:53:26,29.652,0.0
23-03-31 23:53:26,29.552,0.0
23-04-01 00:53:26,29.552,0.0
23-04-01 01:53:26,29.552,0.0
23-04-01 02:53:26,29.053,0.0
23-04-01 03:53:26,28.953,0.0
23-04-01 04:53:26,29.053,0.0
23-04-01 05:53:26,29.152,0.0
23-04-01 06:53:26,29.152,247.6
23-04-01 07:53:26,29.352,527.4
23-04-01 08:53:26,29.452,2238.9
23-04-01 09:53:26,29.552,3788.9
23-04-01 10:53:26,29.652,4994.5
23-04-01 11:53:26,29.652,4477.8
23-04-01 12:53:26,29.652,3100.0
23-04-01 13:53:26,29.652,3961.1
23-04-01 14:53:26,29.752,4994.5
23-04-01 15:53:26,29.552,2927.8
23-04-01 16:53:26,29.352,667.4
23-04-01 17:53:26,29.552,32.3
23-04-01 18:53:26,29.452,0.0
23-04-01 19:53:26,29.252,0.0
23-04-01 20:53:26,29.252,0.0
23-04-01 21:53:26,29.452,0.0
23-04-01 22:53:26,29.352,0.0
23-04-01 23:53:26,29.352,0.0
23-04-02 00:53:26,29.352,0.0
23-04-02 01:53:26,29.452,0.0
23-04-02 02:53:26,29.352,0.0
23-04-02 03:53:26,29.152,0.0
23-04-02 04:53:26,29.252,0.0
23-04-02 05:53:26,29.352,0.0
23-04-02 06:53:26,29.352,344.4
23-04-02 07:53:26,29.452,1356.3
23-04-02 08:53:26,29.552,3788.9
23-04-02 09:53:26,29.552,3100.0
23-04-02 10:53:26,29.552,3788.9
23-04-02 11:53:26,29.652,4650.0
23-04-02 12:53:26,29.752,6544.5
23-04-02 13:53:26,29.752,3788.9
23-04-02 14:53:26,29.652,2325.0
23-04-02 15:53:26,29.552,1722.2
23-04-02 16:53:26,29.352,635.1
23-04-02 17:53:26,29.252,43.1
23-04-02 18:53:26,29.452,0.0
23-04-02 19:53:26,29.452,0.0
23-04-02 20:53:26,29.452,0.0
23-04-02 21:53:26,29.452,0.0
23-04-02 22:53:26,29.452,0.0
23-04-02 23:53:26,29.452,0.0
23-04-03 00:53:26,29.452,0.0
23-04-03 01:53:26,29.452,0.0
23-04-03 02:53:26,29.452,0.0
23-04-03 03:53:26,29.452,0.0
23-04-03 04:53:26,29.352,0.0
23-04-03 05:53:26,29.352,0.0
23-04-03 06:53:26,29.352,322.9
23-04-03 07:53:26,29.452,1248.6
23-04-03 08:53:26,29.552,2238.9
23-04-03 09:53:26,29.552,3272.2
23-04-03 10:53:26,29.652,6544.5
23-04-03 11:53:26,29.652,6544.5
23-04-03 12:53:26,29.652,5511.1
23-04-03 13:53:26,29.652,5166.7
23-04-03 14:53:26,29.652,3444.5
23-04-03 15:53:26,29.552,1808.3
23-04-03 16:53:26,29.552,462.9
23-04-03 17:53:26,29.352,32.3
23-04-03 18:53:26,29.452,0.0
23-04-03 19:53:26,29.352,0.0
23-04-03 20:53:26,29.452,0.0
23-04-03 21:53:26,29.452,0.0
23-04-03 22:53:26,29.552,0.0
23-04-03 23:53:26,29.552,0.0
23-04-04 00:53:26,29.552,0.0
23-04-04 01:53:26,29.452,0.0
23-04-04 02:53:26,29.552,0.0
23-04-04 03:53:26,29.552,0.0
23-04-04 04:53:26,29.552,0.0
23-04-04 05:53:26,29.552,0.0
23-04-04 06:53:26,29.552,549.0
23-04-04 07:53:26,29.652,1722.2
23-04-04 08:53:26,29.652,2927.8
23-04-04 09:53:26,29.652,3788.9
23-04-04 10:53:26,29.652,3788.9
23-04-04 11:53:26,29.752,6544.5
23-04-04 12:53:26,29.752,6544.5
23-04-04 13:53:26,29.752,5166.7
23-04-04 14:53:26,29.752,3616.7
23-04-04 15:53:26,29.652,2927.8
23-04-04 16:53:26,29.652,1011.8
23-04-04 17:53:26,29.552,43.1
23-04-04 18:53:26,29.552,0.0
23-04-04 19:53:26,29.552,0.0
23-04-04 20:53:26,29.552,0.0
23-04-04 21:53:26,29.152,0.0
23-04-04 22:53:26,29.452,0.0
23-04-04 23:53:26,29.452,0.0
23-04-05 00:53:26,29.452,0.0
23-04-05 01:53:26,29.452,0.0
23-04-05 02:53:26,29.552,0.0
23-04-05 03:53:26,29.452,0.0
23-04-05 04:53:26,29.552,0.0
23-04-05 05:53:26,29.152,0.0
23-04-05 06:53:26,29.152,398.3
23-04-05 07:53:26,29.352,1237.9
23-04-05 08:53:26,29.552,2152.8
23-04-05 09:53:26,29.452,3616.7
23-04-05 10:53:26,29.752,3100.0
23-04-05 11:53:26,29.853,5511.1
23-04-05 12:53:26,29.752,5166.7
23-04-05 13:53:26,29.853,5338.9
23-04-05 14:53:26,29.853,3961.1
23-04-05 15:53:26,29.752,2755.6
23-04-05 16:53:26,29.652,753.5
23-04-05 17:53:26,29.652,32.3
23-04-05 18:53:26,29.652,0.0
23-04-05 19:53:26,29.652,0.0
23-04-05 20:53:26,29.552,0.0
23-04-05 21:53:26,29.652,0.0
23-04-05 22:53:26,29.352,0.0
23-04-05 23:53:26,29.552,0.0
23-04-06 00:53:26,29.552,0.0
23-04-06 01:53:26,29.552,0.0
23-04-06 02:53:26,29.552,0.0
23-04-06 03:53:26,29.552,0.0
23-04-06 04:53:26,29.552,0.0
23-04-06 05:53:26,29.552,0.0
23-04-06 06:53:26,29.652,226.0
23-04-06 07:53:26,29.652,861.1
23-04-06 08:53:26,29.552,947.2
23-04-06 09:53:26,29.652,2411.1
23-04-06 10:53:26,29.752,5166.7
23-04-06 11:53:26,29.752,4305.6
23-04-06 12:53:26,29.652,3100.0
23-04-06 13:53:26,29.652,2755.6
23-04-06 14:53:26,29.652,2238.9
23-04-06 15:53:26,29.652,1463.9
23-04-06 16:53:26,29.652,495.1
23-04-06 17:53:26,29.552,10.8
23-04-06 18:53:26,29.552,0.0
23-04-06 19:53:26,29.452,0.0
23-04-06 20:53:26,29.552,0.0
23-04-06 21:53:26,29.552,0.0
23-04-06 22:53:26,29.552,0.0
23-04-06 23:53:26,29.552,0.0
23-04-07 00:53:26,29.552,0.0
23-04-07 01:53:26,29.552,0.0
23-04-07 02:53:26,29.552,0.0
23-04-07 03:53:26,29.552,0.0
23-04-07 04:53:26,29.552,0.0
23-04-07 05:53:26,29.652,0.0
23-04-07 06:53:26,29.652,86.1
23-04-07 07:53:26,29.652,376.7
23-04-07 08:53:26,29.652,1463.9
23-04-07 09:53:26,29.452,1808.3
23-04-07 10:53:26,29.352,7233.4
23-04-07 11:53:26,29.652,2583.4
23-04-07 12:53:26,29.652,6200.0
23-04-07 13:53:26,29.853,4650.0
23-04-07 14:53:26,29.652,3100.0
23-04-07 15:53:26,29.552,2238.9
23-04-07 16:53:26,29.652,667.4
23-04-07 17:53:26,29.552,21.5
23-04-07 18:53:26,29.652,0.0
23-04-07 19:53:26,29.452,0.0
23-04-07 20:53:26,29.252,0.0
23-04-07 21:53:26,29.252,0.0
23-04-07 22:53:26,29.452,0.0
23-04-07 23:53:26,29.452,0.0
23-04-08 00:53:26,29.352,0.0
23-04-08 01:53:26,29.352,0.0
23-04-08 02:53:26,29.452,0.0
23-04-08 03:53:26,29.452,0.0
23-04-08 04:53:26,29.452,0.0
23-04-08 05:53:26,29.552,0.0
23-04-08 06:53:26,29.552,376.7
23-04-08 07:53:26,29.552,839.6
23-04-08 08:53:26,29.652,1377.8
23-04-08 09:53:26,29.752,4133.4
23-04-08 10:53:26,29.853,3616.7
23-04-08 11:53:26,29.752,6544.5
23-04-08 12:53:26,29.652,2583.4
23-04-08 13:53:26,29.652,1808.3
23-04-08 14:53:26,29.652,1894.5
23-04-08 15:53:26,29.652,1463.9
23-04-08 16:53:26,29.552,549.0
23-04-08 17:53:26,29.652,10.8
23-04-08 18:53:26,29.552,0.0
23-04-08 19:53:26,29.452,0.0
23-04-08 20:53:26,29.452,0.0
23-04-08 21:53:26,29.452,0.0
23-04-08 22:53:26,29.452,0.0
23-04-08 23:53:26,29.252,0.0
23-04-09 00:53:26,29.352,0.0
23-04-09 01:53:26,29.452,0.0
23-04-09 02:53:26,29.452,0.0
23-04-09 03:53:26,29.452,0.0
23-04-09 04:53:26,29.452,0.0
23-04-09 05:53:26,29.452,0.0
23-04-09 06:53:26,29.452,419.8
23-04-09 07:53:26,29.552,1356.3
23-04-09 08:53:26,29.652,3272.2
23-04-09 09:53:26,29.652,2927.8
23-04-09 10:53:26,29.652,3272.2
23-04-09 11:53:26,29.652,2497.2
23-04-09 12:53:26,29.652,2669.5
23-04-09 13:53:26,29.652,1194.8
23-04-09 14:53:26,29.652,613.5
23-04-09 15:53:26,29.652,624.3
23-04-09 16:53:26,29.652,355.2
23-04-09 17:53:26,29.652,10.8
23-04-09 18:53:26,29.652,0.0
23-04-09 19:53:26,29.552,0.0
23-04-09 20:53:26,29.552,0.0
23-04-09 21:53:26,29.552,0.0
23-04-09 22:53:26,29.552,0.0
23-04-09 23:53:26,29.452,0.0
23-04-10 00:53:26,29.252,0.0
23-04-10 01:53:26,29.552,0.0
23-04-10 02:53:26,29.552,0.0
23-04-10 03:53:26,29.452,0.0
23-04-10 04:53:26,29.452,0.0
23-04-10 05:53:26,29.452,0.0
23-04-10 06:53:26,29.452,505.9
23-04-10 07:53:26,29.452,613.5
23-04-10 08:53:26,29.552,1980.6
23-04-10 09:53:26,29.652,4305.6
23-04-10 10:53:26,29.652,6544.5
23-04-10 11:53:26,29.752,9644.5
23-04-10 12:53:26,29.752,8266.7
23-04-10 13:53:26,29.552,3100.0
23-04-10 14:53:26,29.552,2755.6
23-04-10 15:53:26,29.552,1636.1
23-04-10 16:53:26,29.552,947.2
23-04-10 17:53:26,29.552,10.8
23-04-10 18:53:26,29.552,0.0
23-04-10 19:53:26,29.552,0.0
23-04-10 20:53:26,29.552,0.0
23-04-10 21:53:26,29.452,0.0
23-04-10 22:53:26,29.452,0.0
23-04-10 23:53:26,29.452,0.0
23-04-11 00:53:26,29.452,0.0
23-04-11 01:53:26,29.452,0.0
23-04-11 02:53:26,29.452,0.0
23-04-11 03:53:26,29.452,0.0
23-04-11 04:53:26,29.452,0.0
23-04-11 05:53:26,29.452,0.0
23-04-11 06:53:26,29.452,419.8
23-04-11 07:53:26,29.452,1087.2
23-04-11 08:53:26,29.552,2669.5
23-04-11 09:53:26,29.552,3100.0
23-04-11 10:53:26,29.652,6200.0
23-04-11 11:53:26,29.552,5166.7
23-04-11 12:53:26,29.652,8266.7
23-04-11 13:53:26,29.552,5166.7
23-04-11 14:53:26,29.552,2152.8
23-04-11 15:53:26,29.452,1550.0
23-04-11 16:53:26,29.452,613.5
23-04-11 17:53:26,29.352,0.0
23-04-11 18:53:26,29.452,0.0
23-04-11 19:53:26,29.452,0.0
23-04-11 20:53:26,29.452,0.0
23-04-11 21:53:26,29.352,0.0
23-04-11 22:53:26,29.352,0.0
23-04-11 23:53:26,29.252,0.0
23-04-12 00:53:26,29.252,0.0
23-04-12 01:53:26,29.352,0.0
23-04-12 02:53:26,29.352,0.0
23-04-12 03:53:26,29.352,0.0
23-04-12 04:53:26,29.352,0.0
23-04-12 05:53:26,29.352,0.0
23-04-12 06:53:26,29.452,635.1
23-04-12 07:53:26,29.452,1184.0
23-04-12 08:53:26,29.452,2497.2
23-04-12 09:53:26,29.552,5166.7
23-04-12 10:53:26,29.652,5511.1
23-04-12 11:53:26,29.552,4305.6
23-04-12 12:53:26,29.552,2238.9
23-04-12 13:53:26,29.552,4994.5
23-04-12 14:53:26,29.352,1377.8
23-04-12 15:53:26,29.352,936.5
23-04-12 16:53:26,29.452,592.0
23-04-12 17:53:26,29.352,10.8
23-04-12 18:53:26,29.352,0.0
23-04-12 19:53:26,29.452,0.0
23-04-12 20:53:26,29.452,0.0
23-04-12 21:53:26,29.452,0.0
23-04-12 22:53:26,29.552,0.0
23-04-12 23:53:26,29.452,0.0
23-04-13 00:53:26,29.352,0.0
23-04-13 01:53:26,29.252,0.0
23-04-13 02:53:26,29.352,0.0
23-04-13 03:53:26,29.452,0.0
23-04-13 04:53:26,29.452,0.0
23-04-13 05:53:26,29.452,0.0
23-04-13 06:53:26,29.452,226.0
23-04-13 07:53:26,29.452,818.1
23-04-13 08:53:26,29.552,1808.3
23-04-13 09:53:26,29.552,3272.2
23-04-13 10:53:26,29.652,4650.0
23-04-13 11:53:26,29.552,4650.0
23-04-13 12:53:26,29.352,3100.0
23-04-13 13:53:26,29.552,3788.9
23-04-13 14:53:26,29.552,3616.7
23-04-13 15:53:26,29.552,1377.8
23-04-13 16:53:26,29.552,549.0
23-04-13 17:53:26,29.552,0.0
23-04-13 18:53:26,29.452,0.0
23-04-13 19:53:26,29.452,0.0
23-04-13 20:53:26,29.452,0.0
23-04-13 21:53:26,29.352,0.0
23-04-13 22:53:26,29.452,0.0
23-04-13 23:53:26,29.352,0.0
23-04-14 00:53:26,29.352,0.0
23-04-14 01:53:26,29.352,0.0
23-04-14 02:53:26,29.352,0.0
23-04-14 03:53:26,29.152,0.0
23-04-14 04:53:26,29.252,0.0
23-04-14 05:53:26,29.352,0.0
23-04-14 06:53:26,29.352,355.2
23-04-14 07:53:26,29.452,1980.6
23-04-14 08:53:26,29.452,1636.1
23-04-14 09:53:26,29.452,3272.2
23-04-14 10:53:26,29.552,5166.7
23-04-14 11:53:26,29.652,5511.1
23-04-14 12:53:26,29.552,3444.5
23-04-14 13:53:26,29.352,1259.4
23-04-14 14:53:26,29.352,570.5
23-04-14 15:53:26,29.352,861.1
23-04-14 16:53:26,29.352,183.0
23-04-14 17:53:26,29.352,0.0
23-04-14 18:53:26,29.352,0.0
23-04-14 19:53:26,29.352,0.0
23-04-14 20:53:26,29.252,0.0
23-04-14 21:53:26,29.352,0.0
23-04-14 22:53:26,29.352,0.0
23-04-14 23:53:26,29.352,0.0
23-04-15 00:53:26,29.352,0.0
23-04-15 01:53:26,29.252,0.0
23-04-15 02:53:26,29.352,0.0
23-04-15 03:53:26,29.352,0.0
23-04-15 04:53:26,29.352,0.0
23-04-15 05:53:26,29.352,0.0
23-04-15 06:53:26,29.352,258.3
23-04-15 07:53:26,29.352,226.0
23-04-15 08:53:26,29.452,904.2
23-04-15 09:53:26,29.452,3100.0
23-04-15 10:53:26,29.352,1227.1
23-04-15 11:53:26,29.452,2927.8
23-04-15 12:53:26,29.552,2927.8
23-04-15 13:53:26,29.452,4994.5
23-04-15 14:53:26,29.452,3616.7
23-04-15 15:53:26,29.452,1980.6
23-04-15 16:53:26,29.452,505.9
23-04-15 17:53:26,29.452,0.0
23-04-15 18:53:26,29.452,0.0
23-04-15 19:53:26,29.452,0.0
23-04-15 20:53:26,29.452,0.0
23-04-15 21:53:26,29.352,0.0
23-04-15 22:53:26,29.352,0.0
23-04-15 23:53:26,29.452,0.0
23-04-16 00:53:26,29.352,0.0
23-04-16 01:53:26,29.352,0.0
23-04-16 02:53:26,28.953,0.0
23-04-16 03:53:26,28.754,0.0
23-04-16 04:53:26,29.053,0.0
23-04-16 05:53:26,29.252,0.0
23-04-16 06:53:26,29.352,355.2
23-04-16 07:53:26,29.352,1377.8
23-04-16 08:53:26,29.452,1722.2
23-04-16 09:53:26,29.352,3788.9
23-04-16 10:53:26,28.953,4477.8
23-04-16 11:53:26,29.053,1313.2
23-04-16 12:53:26,29.252,2066.7
23-04-16 13:53:26,29.352,4994.5
23-04-16 14:53:26,29.252,1894.5
23-04-16 15:53:26,29.352,2152.8
23-04-16 16:53:26,29.352,613.5
23-04-16 17:53:26,29.352,0.0
23-04-16 18:53:26,29.352,0.0
23-04-16 19:53:26,29.352,0.0
23-04-16 20:53:26,29.352,0.0
23-04-16 21:53:26,29.352,0.0
23-04-16 22:53:26,29.352,0.0
23-04-16 23:53:26,29.252,0.0
23-04-17 00:53:26,29.252,0.0
23-04-17 01:53:26,29.152,0.0
23-04-17 02:53:26,29.252,0.0
23-04-17 03:53:26,29.252,0.0
23-04-17 04:53:26,29.252,0.0
23-04-17 05:53:26,29.252,0.0
23-04-17 06:53:26,29.252,366.0
23-04-17 07:53:26,29.352,947.2
23-04-17 08:53:26,29.352,2755.6
23-04-17 09:53:26,29.452,2238.9
23-04-17 10:53:26,29.552,4994.5
23-04-17 11:53:26,29.452,4650.0
23-04-17 12:53:26,29.452,4994.5
23-04-17 13:53:26,29.452,3788.9
23-04-17 14:53:26,29.452,1550.0
23-04-17 15:53:26,29.252,452.1
23-04-17 16:53:26,29.252,107.6
23-04-17 17:53:26,29.352,0.0
23-04-17 18:53:26,29.352,0.0
23-04-17 19:53:26,29.352,0.0
23-04-17 20:53:26,29.352,0.0
23-04-17 21:53:26,29.452,0.0
23-04-17 22:53:26,29.252,0.0
23-04-17 23:53:26,29.352,0.0
23-04-18 00:53:26,29.352,0.0
23-04-18 01:53:26,29.252,0.0
23-04-18 02:53:26,29.252,0.0
23-04-18 03:53:26,29.252,0.0
23-04-18 04:53:26,29.152,0.0
23-04-18 05:53:26,28.853,0.0
23-04-18 06:53:26,29.252,495.1
23-04-18 07:53:26,29.252,495.1
23-04-18 08:53:26,29.352,775.0
23-04-18 09:53:26,29.352,1259.4
23-04-18 10:53:26,29.352,2152.8
23-04-18 11:53:26,29.452,2927.8
23-04-18 12:53:26,29.352,2927.8
23-04-18 13:53:26,29.352,1550.0
23-04-18 14:53:26,29.352,1130.2
23-04-18 15:53:26,29.252,505.9
23-04-18 16:53:26,29.252,193.8
23-04-18 17:53:26,29.352,0.0
23-04-18 18:53:26,29.352,0.0
23-04-18 19:53:26,29.352,0.0
23-04-18 20:53:26,29.352,0.0
23-04-18 21:53:26,29.352,0.0
23-04-18 22:53:26,29.352,0.0
23-04-18 23:53:26,29.252,0.0
23-04-19 00:53:26,29.352,0.0
23-04-19 01:53:26,28.953,0.0
23-04-19 02:53:26,29.252,0.0
23-04-19 03:53:26,29.252,0.0
23-04-19 04:53:26,29.252,0.0
23-04-19 05:53:26,29.252,0.0
23-04-19 06:53:26,29.252,376.7
23-04-19 07:53:26,29.252,1044.1
23-04-19 08:53:26,29.252,2066.7
23-04-19 09:53:26,29.452,3616.7
23-04-19 10:53:26,29.452,5338.9
23-04-19 11:53:26,29.452,2152.8
23-04-19 12:53:26,29.452,5511.1
23-04-19 13:53:26,29.452,2927.8
23-04-19 14:53:26,29.452,2497.2
23-04-19 15:53:26,29.352,1722.2
23-04-19 16:53:26,29.352,688.9
23-04-19 17:53:26,29.352,0.0
23-04-19 18:53:26,29.352,0.0
23-04-19 19:53:26,29.352,0.0
23-04-19 20:53:26,29.252,0.0
23-04-19 21:53:26,29.352,0.0
23-04-19 22:53:26,29.352,0.0
23-04-19 23:53:26,29.352,0.0
23-04-20 00:53:26,29.352,0.0
23-04-20 01:53:26,29.352,0.0
23-04-20 02:53:26,29.352,0.0
23-04-20 03:53:26,29.252,0.0
23-04-20 04:53:26,29.252,0.0
23-04-20 05:53:26,29.252,0.0
23-04-20 06:53:26,29.252,236.8
23-04-20 07:53:26,29.352,990.3
23-04-20 08:53:26,29.352,1334.7
23-04-20 09:53:26,29.352,2152.8
23-04-20 10:53:26,29.452,2152.8
23-04-20 11:53:26,29.452,2411.1
23-04-20 12:53:26,29.452,3961.1
23-04-20 13:53:26,29.352,1463.9
23-04-20 14:53:26,29.352,1001.0
23-04-20 15:53:26,29.352,527.4
23-04-20 16:53:26,29.352,258.3
23-04-20 17:53:26,29.352,0.0
23-04-20 18:53:26,29.352,0.0
23-04-20 19:53:26,29.252,0.0
23-04-20 20:53:26,29.352,0.0
23-04-20 21:53:26,29.252,0.0
23-04-20 22:53:26,29.152,0.0
23-04-20 23:53:26,29.252,0.0
23-04-21 00:53:26,29.352,0.0
23-04-21 01:53:26,29.152,0.0
23-04-21 02:53:26,29.252,0.0
23-04-21 03:53:26,29.252,0.0
23-04-21 04:53:26,29.252,0.0
23-04-21 05:53:26,29.252,0.0
23-04-21 06:53:26,29.252,86.1
23-04-21 07:53:26,29.252,538.2
23-04-21 08:53:26,29.252,1001.0
23-04-21 09:53:26,29.252,2583.4
23-04-21 10:53:26,29.252,3272.2
23-04-21 11:53:26,29.352,2755.6
23-04-21 12:53:26,29.452,3100.0
23-04-21 13:53:26,29.352,3961.1
23-04-21 14:53:26,29.252,882.6
23-04-21 15:53:26,28.953,710.4
23-04-21 16:53:26,29.152,269.1
23-04-21 17:53:26,29.352,0.0
23-04-21 18:53:26,29.252,0.0
23-04-21 19:53:26,29.252,0.0
23-04-21 20:53:26,29.252,0.0
23-04-21 21:53:26,29.152,0.0
23-04-21 22:53:26,29.152,0.0
23-04-21 23:53:26,29.152,0.0
23-04-22 00:53:26,29.152,0.0
23-04-22 01:53:26,29.152,0.0
23-04-22 02:53:26,29.152,0.0
23-04-22 03:53:26,29.053,0.0
23-04-22 04:53:26,29.053,0.0
23-04-22 05:53:26,29.053,0.0
23-04-22 06:53:26,29.053,193.8
23-04-22 07:53:26,29.152,818.1
23-04-22 08:53:26,29.152,1377.8
23-04-22 09:53:26,29.252,4822.3
23-04-22 10:53:26,29.053,839.6
23-04-22 11:53:26,29.053,1205.6
23-04-22 12:53:26,29.152,2238.9
23-04-22 13:53:26,29.252,2066.7
23-04-22 14:53:26,29.252,1894.5
23-04-22 15:53:26,29.252,516.7
23-04-22 16:53:26,29.252,236.8
23-04-22 17:53:26,29.152,0.0
23-04-22 18:53:26,29.252,0.0
23-04-22 19:53:26,29.252,0.0
23-04-22 20:53:26,29.252,0.0
23-04-22 21:53:26,29.252,0.0
23-04-22 22:53:26,29.053,0.0
23-04-22 23:53:26,28.953,0.0
23-04-23 00:53:26,29.152,0.0
23-04-23 01:53:26,29.152,0.0
23-04-23 02:53:26,29.152,0.0
23-04-23 03:53:26,29.152,0.0
23-04-23 04:53:26,29.152,0.0
23-04-23 05:53:26,29.152,0.0
23-04-23 06:53:26,29.152,226.0
23-04-23 07:53:26,29.152,226.0
23-04-23 08:53:26,29.252,1980.6
23-04-23 09:53:26,29.053,753.5
23-04-23 10:53:26,28.754,1119.5
23-04-23 11:53:26,28.953,1463.9
23-04-23 12:53:26,29.053,1248.6
23-04-23 13:53:26,29.152,1550.0
23-04-23 14:53:26,29.152,398.3
23-04-23 15:53:26,29.053,355.2
23-04-23 16:53:26,29.152,215.3
23-04-23 17:53:26,29.152,0.0
23-04-23 18:53:26,29.152,0.0
23-04-23 19:53:26,29.152,0.0
23-04-23 20:53:26,29.152,0.0
23-04-23 21:53:26,29.053,0.0
23-04-23 22:53:26,29.053,0.0
23-04-23 23:53:26,28.953,0.0
23-04-24 00:53:26,28.953,0.0
23-04-24 01:53:26,29.053,0.0
23-04-24 02:53:26,29.053,0.0
23-04-24 03:53:26,29.053,0.0
23-04-24 04:53:26,29.053,0.0
23-04-24 05:53:26,29.053,0.0
23-04-24 06:53:26,29.053,75.3
23-04-24 07:53:26,29.053,398.3
23-04-24 08:53:26,29.152,925.7
23-04-24 09:53:26,29.152,764.2
23-04-24 10:53:26,29.152,1808.3
23-04-24 11:53:26,29.252,2497.2
23-04-24 12:53:26,29.252,2325.0
23-04-24 13:53:26,29.152,1151.7
23-04-24 14:53:26,29.152,570.5
23-04-24 15:53:26,29.152,333.7
23-04-24 16:53:26,29.152,139.9
23-04-24 17:53:26,29.152,0.0
23-04-24 18:53:26,29.152,0.0
23-04-24 19:53:26,29.152,0.0
23-04-24 20:53:26,29.152,0.0
23-04-24 21:53:26,29.152,0.0
23-04-24 22:53:26,29.152,0.0
23-04-24 23:53:26,29.152,0.0
23-04-25 00:53:26,29.152,0.0
23-04-25 01:53:26,29.152,0.0
23-04-25 02:53:26,29.152,0.0
23-04-25 03:53:26,29.152,0.0
23-04-25 04:53:26,29.152,0.0
23-04-25 05:53:26,29.152,0.0
23-04-25 06:53:26,29.152,96.9
23-04-25 07:53:26,29.152,86.1
23-04-25 08:53:26,29.152,193.8
23-04-25 09:53:26,29.152,495.1
23-04-25 10:53:26,29.152,764.2
23-04-25 11:53:26,28.555,1001.0
23-04-25 12:53:26,29.152,882.6
23-04-25 13:53:26,29.252,1636.1
23-04-25 14:53:26,29.252,2497.2
23-04-25 15:53:26,29.152,721.2
23-04-25 16:53:26,29.152,721.2
23-04-25 17:53:26,29.152,0.0
23-04-25 18:53:26,29.152,0.0
23-04-25 19:53:26,29.152,0.0
23-04-25 20:53:26,29.152,0.0
23-04-25 21:53:26,29.152,0.0
23-04-25 22:53:26,29.152,0.0
23-04-25 23:53:26,28.655,0.0
23-04-26 00:53:26,27.173,0.0
23-04-26 01:53:26,28.456,0.0
23-04-26 02:53:26,28.258,0.0
23-04-26 03:53:26,28.953,0.0
23-04-26 04:53:26,28.953,0.0
23-04-26 05:53:26,29.053,0.0
23-04-26 06:53:26,29.053,236.8
23-04-26 07:53:26,29.152,721.2
23-04-26 08:53:26,29.152,1550.0
23-04-26 09:53:26,29.252,2927.8
23-04-26 10:53:26,29.152,1722.2
23-04-26 11:53:26,29.152,3100.0
23-04-26 12:53:26,28.953,2755.6
23-04-26 13:53:26,28.754,2755.6
23-04-26 14:53:26,28.953,1894.5
23-04-26 15:53:26,29.152,796.5
23-04-26 16:53:26,28.953,279.9
23-04-26 17:53:26,28.953,0.0
23-04-26 18:53:26,28.953,0.0
23-04-26 19:53:26,28.953,0.0
23-04-26 20:53:26,28.953,0.0
23-04-26 21:53:26,29.053,0.0
23-04-26 22:53:26,29.053,0.0
23-04-26 23:53:26,29.053,0.0
23-04-27 00:53:26,28.655,0.0
23-04-27 01:53:26,28.953,0.0
23-04-27 02:53:26,28.754,0.0
23-04-27 03:53:26,28.953,0.0
23-04-27 04:53:26,28.953,0.0
23-04-27 05:53:26,28.953,0.0
23-04-27 06:53:26,29.053,226.0
23-04-27 07:53:26,29.053,731.9
23-04-27 08:53:26,29.152,1377.8
23-04-27 09:53:26,29.152,2238.9
23-04-27 10:53:26,29.152,3444.5
23-04-27 11:53:26,29.152,4477.8
23-04-27 12:53:26,29.152,3961.1
23-04-27 13:53:26,29.252,3272.2
23-04-27 14:53:26,29.152,2325.0
23-04-27 15:53:26,29.152,1259.4
23-04-27 16:53:26,29.152,376.7
23-04-27 17:53:26,29.152,0.0
23-04-27 18:53:26,29.152,0.0
23-04-27 19:53:26,29.152,0.0
23-04-27 20:53:26,29.152,0.0
23-04-27 21:53:26,29.152,0.0
23-04-27 22:53:26,29.053,0.0
23-04-27 23:53:26,29.053,0.0
23-04-28 00:53:26,29.053,0.0
23-04-28 01:53:26,29.152,0.0
23-04-28 02:53:26,28.953,0.0
23-04-28 03:53:26,29.152,0.0
23-04-28 04:53:26,29.252,0.0
23-04-28 05:53:26,29.252,0.0
23-04-28 06:53:26,29.252,172.2
23-04-28 07:53:26,29.252,645.8
23-04-28 08:53:26,29.252,1205.6
23-04-28 09:53:26,29.252,1980.6
23-04-28 10:53:26,29.352,2411.1
23-04-28 11:53:26,29.252,2927.8
23-04-28 12:53:26,29.252,2927.8
23-04-28 13:53:26,29.252,2411.1
23-04-28 14:53:26,29.252,1463.9
23-04-28 15:53:26,29.252,850.4
23-04-28 16:53:26,29.252,398.3
23-04-28 17:53:26,29.252,0.0
23-04-28 18:53:26,29.252,0.0
23-04-28 19:53:26,29.252,0.0
23-04-28 20:53:26,29.152,0.0
23-04-28 21:53:26,29.053,0.0
23-04-28 22:53:26,29.053,0.0
23-04-28 23:53:26,29.053,0.0
23-04-29 00:53:26,29.053,0.0
23-04-29 01:53:26,29.053,0.0
23-04-29 02:53:26,29.053,0.0
23-04-29 03:53:26,29.053,0.0
23-04-29 04:53:26,29.152,0.0
23-04-29 05:53:26,29.152,0.0
23-04-29 06:53:26,29.152,204.5
23-04-29 07:53:26,29.152,592.0
23-04-29 08:53:26,29.152,1141.0
23-04-29 09:53:26,29.252,1722.2
23-04-29 10:53:26,29.252,2411.1
23-04-29 11:53:26,29.252,2669.5
23-04-29 12:53:26,29.252,3616.7
23-04-29 13:53:26,29.053,1141.0
23-04-29 14:53:26,29.152,2325.0
23-04-29 15:53:26,29.152,1356.3
23-04-29 16:53:26,29.152,183.0
23-04-29 17:53:26,29.352,0.0
23-04-29 18:53:26,29.152,0.0
23-04-29 19:53:26,29.352,0.0
23-04-29 20:53:26,29.252,0.0
23-04-29 21:53:26,29.352,0.0
23-04-29 22:53:26,29.252,0.0
23-04-29 23:53:26,29.152,0.0
23-04-30 00:53:26,29.352,0.0
23-04-30 01:53:26,29.352,0.0
23-04-30 02:53:26,29.352,0.0
23-04-30 03:53:26,29.352,0.0
23-04-30 04:53:26,29.352,0.0
23-04-30 05:53:26,29.352,0.0
23-04-30 06:53:26,29.352,150.7
23-04-30 07:53:26,29.352,376.7
23-04-30 08:53:26,29.352,1119.5
23-04-30 09:53:26,29.352,1463.9
23-04-30 10:53:26,29.252,2066.7
23-04-30 11:53:26,29.352,2497.2
23-04-30 12:53:26,28.953,2238.9
23-04-30 13:53:26,29.053,2066.7
23-04-30 14:53:26,29.252,1377.8
23-04-30 15:53:26,29.252,366.0
23-04-30 16:53:26,29.252,21.5
23-04-30 17:53:26,29.352,0.0
23-04-30 18:53:26,29.252,0.0
23-04-30 19:53:26,29.252,0.0
23-04-30 20:53:26,29.252,0.0
23-04-30 21:53:26,29.152,0.0
23-04-30 22:53:26,29.152,0.0
23-04-30 23:53:26,29.053,0.0
23-05-01 00:53:26,29.152,0.0
23-05-01 01:53:26,29.252,0.0
23-05-01 02:53:26,29.252,0.0
23-05-01 03:53:26,29.252,0.0
23-05-01 04:53:26,29.152,0.0
23-05-01 05:53:26,29.152,0.0
23-05-01 06:53:26,29.152,236.8
23-05-01 07:53:26,29.152,301.4
23-05-01 08:53:26,29.152,290.6
23-05-01 09:53:26,29.152,204.5
23-05-01 10:53:26,29.152,452.1
23-05-01 11:53:26,29.152,1894.5
23-05-01 12:53:26,29.252,2238.9
23-05-01 13:53:26,29.152,936.5
23-05-01 14:53:26,29.152,1044.1
23-05-01 15:53:26,29.152,419.8
23-05-01 16:53:26,29.152,247.6
23-05-01 17:53:26,29.152,0.0
23-05-01 18:53:26,29.152,0.0
23-05-01 19:53:26,29.053,0.0
23-05-01 20:53:26,29.053,0.0
23-05-01 21:53:26,29.053,0.0
23-05-01 22:53:26,29.053,0.0
23-05-01 23:53:26,29.053,0.0
23-05-02 00:53:26,29.053,0.0
23-05-02 01:53:26,29.053,0.0
23-05-02 02:53:26,29.053,0.0
23-05-02 03:53:26,28.953,0.0
23-05-02 04:53:26,29.053,0.0
23-05-02 05:53:26,29.053,0.0
23-05-02 06:53:26,29.053,322.9
23-05-02 07:53:26,29.053,850.4
23-05-02 08:53:26,29.053,1463.9
23-05-02 09:53:26,29.152,2755.6
23-05-02 10:53:26,29.152,1980.6
23-05-02 11:53:26,29.252,3788.9
23-05-02 12:53:26,29.252,3444.5
23-05-02 13:53:26,29.152,2927.8
23-05-02 14:53:26,29.152,2238.9
23-05-02 15:53:26,29.152,1022.6
23-05-02 16:53:26,29.053,376.7
23-05-02 17:53:26,28.953,0.0
23-05-02 18:53:26,28.953,0.0
23-05-02 19:53:26,28.953,0.0
23-05-02 20:53:26,29.053,0.0
23-05-02 21:53:26,29.053,0.0
23-05-02 22:53:26,28.953,0.0
23-05-02 23:53:26,29.053,0.0
23-05-03 00:53:26,28.953,0.0
23-05-03 01:53:26,28.953,0.0
23-05-03 02:53:26,28.953,0.0
23-05-03 03:53:26,29.053,0.0
23-05-03 04:53:26,29.053,0.0
23-05-03 05:53:26,29.053,0.0
23-05-03 06:53:26,29.053,236.8
23-05-03 07:53:26,29.053,828.8
23-05-03 08:53:26,29.152,1216.3
23-05-03 09:53:26,29.152,1894.5
23-05-03 10:53:26,29.252,3100.0
23-05-03 11:53:26,29.152,2927.8
23-05-03 12:53:26,29.252,3444.5
23-05-03 13:53:26,29.152,3100.0
23-05-03 14:53:26,29.152,2066.7
23-05-03 15:53:26,29.053,947.2
23-05-03 16:53:26,29.053,236.8
23-05-03 17:53:26,29.053,0.0
23-05-03 18:53:26,29.053,0.0
23-05-03 19:53:26,29.053,0.0
23-05-03 20:53:26,29.053,0.0
23-05-03 21:53:26,29.053,0.0
23-05-03 22:53:26,29.053,0.0
23-05-03 23:53:26,28.953,0.0
23-05-04 00:53:26,28.953,0.0
23-05-04 01:53:26,28.953,0.0
23-05-04 02:53:26,28.953,0.0
23-05-04 03:53:26,28.953,0.0
23-05-04 04:53:26,28.953,0.0
23-05-04 05:53:26,28.953,0.0
23-05-04 06:53:26,28.953,183.0
23-05-04 07:53:26,29.053,602.8
23-05-04 08:53:26,29.053,1248.6
23-05-04 09:53:26,29.053,1377.8
23-05-04 10:53:26,29.152,2152.8
23-05-04 11:53:26,29.152,2238.9
23-05-04 12:53:26,29.152,2755.6
23-05-04 13:53:26,29.152,2411.1
23-05-04 14:53:26,29.053,2669.5
23-05-04 15:53:26,29.053,1141.0
23-05-04 16:53:26,28.953,258.3
23-05-04 17:53:26,28.953,0.0
23-05-04 18:53:26,28.953,0.0
23-05-04 19:53:26,28.953,0.0
23-05-04 20:53:26,28.953,0.0
23-05-04 21:53:26,29.053,0.0
23-05-04 22:53:26,29.053,0.0
23-05-04 23:53:26,29.053,0.0
23-05-05 00:53:26,28.953,0.0
23-05-05 01:53:26,28.953,0.0
23-05-05 02:53:26,28.953,0.0
23-05-05 03:53:26,28.953,0.0
23-05-05 04:53:26,28.953,0.0
23-05-05 05:53:26,28.953,0.0
23-05-05 06:53:26,28.953,139.9
23-05-05 07:53:26,28.953,592.0
23-05-05 08:53:26,29.053,936.5
23-05-05 09:53:26,29.053,1227.1
23-05-05 10:53:26,29.053,1894.5
23-05-05 11:53:26,29.152,2497.2
23-05-05 12:53:26,29.152,2066.7
23-05-05 13:53:26,29.152,2066.7
23-05-05 14:53:26,29.053,1463.9
23-05-05 15:53:26,29.053,613.5
23-05-05 16:53:26,29.053,107.6
23-05-05 17:53:26,28.953,0.0
23-05-05 18:53:26,28.953,0.0
23-05-05 19:53:26,28.953,0.0
23-05-05 20:53:26,28.953,0.0
23-05-05 21:53:26,28.953,0.0
23-05-05 22:53:26,28.953,0.0
23-05-05 23:53:26,28.953,0.0
23-05-06 00:53:26,28.953,0.0
23-05-06 01:53:26,28.953,0.0
23-05-06 02:53:26,28.953,0.0
23-05-06 03:53:26,28.953,0.0
23-05-06 04:53:26,28.953,0.0
23-05-06 05:53:26,28.953,0.0
23-05-06 06:53:26,28.953,150.7
23-05-06 07:53:26,28.953,398.3
23-05-06 08:53:26,28.953,731.9
23-05-06 09:53:26,29.053,1248.6
23-05-06 10:53:26,29.053,1377.8
23-05-06 11:53:26,29.053,1722.2
23-05-06 12:53:26,29.053,1463.9
23-05-06 13:53:26,29.053,1722.2
23-05-06 14:53:26,29.053,645.8
23-05-06 15:53:26,28.953,710.4
23-05-06 16:53:26,28.953,193.8
23-05-06 17:53:26,28.953,0.0
23-05-06 18:53:26,29.053,0.0
23-05-06 19:53:26,29.053,0.0
23-05-06 20:53:26,29.053,0.0
23-05-06 21:53:26,29.053,0.0
23-05-06 22:53:26,29.053,0.0
23-05-06 23:53:26,29.053,0.0
23-05-07 00:53:26,29.053,0.0
23-05-07 01:53:26,28.953,0.0
23-05-07 02:53:26,28.953,0.0
23-05-07 03:53:26,28.953,0.0
23-05-07 04:53:26,28.953,0.0
23-05-07 05:53:26,28.953,0.0
23-05-07 06:53:26,28.953,161.5
23-05-07 07:53:26,28.953,538.2
23-05-07 08:53:26,29.053,925.7
23-05-07 09:53:26,29.053,1173.3
23-05-07 10:53:26,29.152,1894.5
23-05-07 11:53:26,29.152,1980.6
23-05-07 12:53:26,29.152,1722.2
23-05-07 13:53:26,29.152,1808.3
23-05-07 14:53:26,29.252,1463.9
23-05-07 15:53:26,29.152,602.8
23-05-07 16:53:26,29.053,193.8
23-05-07 17:53:26,29.053,0.0
23-05-07 18:53:26,29.053,0.0
23-05-07 19:53:26,29.053,0.0
23-05-07 20:53:26,28.953,0.0
23-05-07 21:53:26,29.053,0.0
23-05-07 22:53:26,29.053,0.0
23-05-07 23:53:26,29.053,0.0
23-05-08 00:53:26,29.053,0.0
23-05-08 01:53:26,29.053,0.0
23-05-08 02:53:26,29.053,0.0
23-05-08 03:53:26,28.953,0.0
23-05-08 04:53:26,28.953,0.0
23-05-08 05:53:26,28.953,0.0
23-05-08 06:53:26,28.953,21.5
23-05-08 07:53:26,29.053,495.1
23-05-08 08:53:26,29.053,850.4
23-05-08 09:53:26,29.053,1044.1
23-05-08 10:53:26,29.053,1065.6
23-05-08 11:53:26,29.152,1065.6
23-05-08 12:53:26,29.053,893.4
23-05-08 13:53:26,29.152,1108.7
23-05-08 14:53:26,29.053,452.1
23-05-08 15:53:26,29.053,559.7
23-05-08 16:53:26,28.953,43.1
23-05-08 17:53:26,28.953,0.0
23-05-08 18:53:26,28.953,0.0
23-05-08 19:53:26,28.953,0.0
23-05-08 20:53:26,28.953,0.0
23-05-08 21:53:26,28.953,0.0
23-05-08 22:53:26,28.953,0.0
23-05-08 23:53:26,28.953,0.0
23-05-09 00:53:26,28.953,0.0
23-05-09 01:53:26,28.953,0.0
23-05-09 02:53:26,28.953,0.0
23-05-09 03:53:26,28.953,0.0
23-05-09 04:53:26,28.953,0.0
23-05-09 05:53:26,28.853,0.0
23-05-09 06:53:26,28.853,64.6
23-05-09 07:53:26,28.853,279.9
23-05-09 08:53:26,28.953,484.4
23-05-09 09:53:26,28.953,656.6
23-05-09 10:53:26,29.053,710.4
23-05-09 11:53:26,29.053,990.3
23-05-09 12:53:26,29.053,1216.3
23-05-09 13:53:26,29.053,1108.7
23-05-09 14:53:26,28.953,430.6
23-05-09 15:53:26,28.953,215.3
23-05-09 16:53:26,28.953,64.6
23-05-09 17:53:26,28.853,0.0
23-05-09 18:53:26,28.853,0.0
23-05-09 19:53:26,28.853,0.0
23-05-09 20:53:26,28.853,0.0
23-05-09 21:53:26,28.953,0.0
23-05-09 22:53:26,28.953,0.0
23-05-09 23:53:26,28.853,0.0
23-05-10 00:53:26,28.853,0.0
23-05-10 01:53:26,28.953,0.0
23-05-10 02:53:26,28.853,0.0
23-05-10 03:53:26,28.853,0.0
23-05-10 04:53:26,28.853,0.0
23-05-10 05:53:26,28.853,0.0
23-05-10 06:53:26,28.853,96.9
23-05-10 07:53:26,28.853,226.0
23-05-10 08:53:26,28.953,656.6
23-05-10 09:53:26,29.053,839.6
23-05-10 10:53:26,28.853,914.9
23-05-10 11:53:26,28.853,1280.9
23-05-10 12:53:26,28.953,958.0
23-05-10 13:53:26,28.853,75.3
23-05-10 14:53:26,28.853,161.5
23-05-10 15:53:26,28.853,107.6
23-05-10 16:53:26,28.853,10.8
23-05-10 17:53:26,28.953,0.0
23-05-10 18:53:26,28.953,0.0
23-05-10 19:53:26,28.953,0.0
23-05-10 20:53:26,28.953,0.0
23-05-10 21:53:26,28.953,0.0
23-05-10 22:53:26,28.953,0.0
23-05-10 23:53:26,28.953,0.0
23-05-11 00:53:26,28.853,0.0
23-05-11 01:53:26,28.853,0.0
23-05-11 02:53:26,28.853,0.0
23-05-11 03:53:26,28.953,0.0
23-05-11 04:53:26,28.853,0.0
23-05-11 05:53:26,28.853,0.0
23-05-11 06:53:26,28.853,10.8
23-05-11 07:53:26,28.853,32.3
23-05-11 08:53:26,28.953,75.3
23-05-11 09:53:26,28.953,430.6
23-05-11 10:53:26,28.953,312.2
23-05-11 11:53:26,28.953,882.6
23-05-11 12:53:26,28.953,559.7
23-05-11 13:53:26,28.853,258.3
23-05-11 14:53:26,28.853,193.8
23-05-11 15:53:26,28.853,279.9
23-05-11 16:53:26,28.853,86.1
23-05-11 17:53:26,28.853,0.0
23-05-11 18:53:26,28.853,0.0
23-05-11 19:53:26,28.853,0.0
23-05-11 20:53:26,28.853,0.0
23-05-11 21:53:26,28.853,0.0
23-05-11 22:53:26,28.853,0.0
23-05-11 23:53:26,28.853,0.0
23-05-12 00:53:26,28.853,0.0
23-05-12 01:53:26,28.754,0.0
23-05-12 02:53:26,28.754,0.0
23-05-12 03:53:26,28.754,0.0
23-05-12 04:53:26,28.754,0.0
23-05-12 05:53:26,28.754,0.0
23-05-12 06:53:26,28.754,86.1
23-05-12 07:53:26,28.754,409.0
23-05-12 08:53:26,28.853,645.8
23-05-12 09:53:26,28.853,1550.0
23-05-12 10:53:26,28.853,1291.7
23-05-12 11:53:26,28.853,828.8
23-05-12 12:53:26,28.853,1011.8
23-05-12 13:53:26,28.853,914.9
23-05-12 14:53:26,28.853,505.9
23-05-12 15:53:26,28.853,301.4
23-05-12 16:53:26,28.853,150.7
23-05-12 17:53:26,28.754,0.0
23-05-12 18:53:26,28.754,0.0
23-05-12 19:53:26,28.754,0.0
23-05-12 20:53:26,28.754,0.0
23-05-12 21:53:26,28.754,0.0
23-05-12 22:53:26,28.754,0.0
23-05-12 23:53:26,28.754,0.0
23-05-13 00:53:26,28.754,0.0
23-05-13 01:53:26,28.754,0.0
23-05-13 02:53:26,28.754,0.0
23-05-13 03:53:26,28.655,0.0
23-05-13 04:53:26,28.754,0.0
23-05-13 05:53:26,28.655,0.0
23-05-13 06:53:26,28.754,150.7
23-05-13 07:53:26,28.754,409.0
23-05-13 08:53:26,28.754,764.2
23-05-13 09:53:26,28.853,1119.5
23-05-13 10:53:26,28.853,1722.2
23-05-13 11:53:26,28.853,1894.5
23-05-13 12:53:26,28.853,1722.2
23-05-13 13:53:26,28.853,936.5
23-05-13 14:53:26,28.853,1119.5
23-05-13 15:53:26,28.853,721.2
23-05-13 16:53:26,28.853,183.0
23-05-13 17:53:26,28.754,0.0
23-05-13 18:53:26,28.853,0.0
23-05-13 19:53:26,28.754,0.0
23-05-13 20:53:26,28.754,0.0
23-05-13 21:53:26,28.754,0.0
23-05-13 22:53:26,28.754,0.0
23-05-13 23:53:26,28.754,0.0
23-05-14 00:53:26,28.754,0.0
23-05-14 01:53:26,28.754,0.0
23-05-14 02:53:26,28.754,0.0
23-05-14 03:53:26,28.754,0.0
23-05-14 04:53:26,28.754,0.0
23-05-14 05:53:26,28.754,0.0
23-05-14 06:53:26,28.754,118.4
23-05-14 07:53:26,28.754,462.9
23-05-14 08:53:26,28.853,1001.0
23-05-14 09:53:26,28.853,1367.0
23-05-14 10:53:26,28.953,2066.7
23-05-14 11:53:26,28.953,2411.1
23-05-14 12:53:26,28.953,2066.7
23-05-14 13:53:26,28.853,1636.1
23-05-14 14:53:26,28.853,1119.5
23-05-14 15:53:26,28.853,581.3
23-05-14 16:53:26,29.053,236.8
23-05-14 17:53:26,28.953,0.0
23-05-14 18:53:26,28.853,0.0
23-05-14 19:53:26,28.754,0.0
23-05-14 20:53:26,28.754,0.0
23-05-14 21:53:26,28.754,0.0
23-05-14 22:53:26,28.754,0.0
23-05-14 23:53:26,28.853,0.0
23-05-15 00:53:26,28.754,0.0
23-05-15 01:53:26,28.754,0.0
23-05-15 02:53:26,28.754,0.0
23-05-15 03:53:26,28.754,0.0
23-05-15 04:53:26,28.754,0.0
23-05-15 05:53:26,28.754,0.0
23-05-15 06:53:26,28.853,129.2
23-05-15 07:53:26,28.853,527.4
23-05-15 08:53:26,28.953,1044.1
23-05-15 09:53:26,28.953,1377.8
23-05-15 10:53:26,29.053,1980.6
23-05-15 11:53:26,28.953,1894.5
23-05-15 12:53:26,29.053,1808.3
23-05-15 13:53:26,28.953,1173.3
23-05-15 14:53:26,28.953,645.8
23-05-15 15:53:26,28.953,527.4
23-05-15 16:53:26,28.953,107.6
23-05-15 17:53:26,28.953,0.0
23-05-15 18:53:26,28.853,0.0
23-05-15 19:53:26,28.853,0.0
23-05-15 20:53:26,28.853,0.0
23-05-15 21:53:26,28.853,0.0
23-05-15 22:53:26,28.853,0.0
23-05-15 23:53:26,28.853,0.0
23-05-16 00:53:26,28.853,0.0
23-05-16 01:53:26,28.853,0.0
23-05-16 02:53:26,28.853,0.0
23-05-16 03:53:26,28.953,0.0
23-05-16 04:53:26,28.953,0.0
23-05-16 05:53:26,28.953,0.0
23-05-16 06:53:26,28.953,129.2
23-05-16 07:53:26,28.953,516.7
23-05-16 08:53:26,28.953,1248.6
23-05-16 09:53:26,28.953,1722.2
23-05-16 10:53:26,29.053,2497.2
23-05-16 11:53:26,28.953,2238.9
23-05-16 12:53:26,28.953,2152.8
23-05-16 13:53:26,28.953,1808.3
23-05-16 14:53:26,28.953,1001.0
23-05-16 15:53:26,28.853,473.6
23-05-16 16:53:26,28.853,129.2
23-05-16 17:53:26,28.953,0.0
23-05-16 18:53:26,28.953,0.0
23-05-16 19:53:26,28.953,0.0
23-05-16 20:53:26,28.953,0.0
23-05-16 21:53:26,28.953,0.0
23-05-16 22:53:26,28.853,0.0
23-05-16 23:53:26,28.853,0.0
23-05-17 00:53:26,28.853,0.0
23-05-17 01:53:26,28.853,0.0
23-05-17 02:53:26,28.853,0.0
23-05-17 03:53:26,28.853,0.0
23-05-17 04:53:26,28.853,0.0
23-05-17 05:53:26,28.853,0.0
23-05-17 06:53:26,28.853,96.9
23-05-17 07:53:26,28.853,376.7
23-05-17 08:53:26,28.853,678.1
23-05-17 09:53:26,28.953,1259.4
23-05-17 10:53:26,28.953,1550.0
23-05-17 11:53:26,28.953,1894.5
23-05-17 12:53:26,28.953,1550.0
23-05-17 13:53:26,28.953,1377.8
23-05-17 14:53:26,28.953,936.5
23-05-17 15:53:26,28.853,430.6
23-05-17 16:53:26,28.853,129.2
23-05-17 17:53:26,28.853,0.0
23-05-17 18:53:26,28.853,0.0
23-05-17 19:53:26,28.953,0.0
23-05-17 20:53:26,28.853,0.0
23-05-17 21:53:26,28.853,0.0
23-05-17 22:53:26,28.953,0.0
23-05-17 23:53:26,28.953,0.0
23-05-18 00:53:26,28.853,0.0
23-05-18 01:53:26,28.853,0.0
23-05-18 02:53:26,28.953,0.0
23-05-18 03:53:26,28.853,0.0
23-05-18 04:53:26,28.853,0.0
23-05-18 05:53:26,28.853,0.0
23-05-18 06:53:26,28.853,64.6
23-05-18 07:53:26,28.953,344.4
23-05-18 08:53:26,28.953,462.9
23-05-18 09:53:26,28.953,322.9
23-05-18 10:53:26,28.953,441.3
23-05-18 11:53:26,28.953,764.2
23-05-18 12:53:26,28.953,1463.9
23-05-18 13:53:26,28.953,1011.8
23-05-18 14:53:26,28.953,258.3
23-05-18 15:53:26,28.953,161.5
23-05-18 16:53:26,28.853,86.1
23-05-18 17:53:26,28.853,0.0
23-05-18 18:53:26,28.953,0.0
23-05-18 19:53:26,28.953,0.0
23-05-18 20:53:26,28.953,0.0
23-05-18 21:53:26,28.953,0.0
23-05-18 22:53:26,28.853,0.0
23-05-18 23:53:26,28.853,0.0
23-05-19 00:53:26,28.853,0.0
23-05-19 01:53:26,28.853,0.0
23-05-19 02:53:26,28.853,0.0
23-05-19 03:53:26,28.853,0.0
23-05-19 04:53:26,28.853,0.0
23-05-19 05:53:26,28.853,0.0
23-05-19 06:53:26,28.853,64.6
23-05-19 07:53:26,28.853,290.6
23-05-19 08:53:26,28.853,656.6
23-05-19 09:53:26,28.953,1076.4
23-05-19 10:53:26,28.953,1463.9
23-05-19 11:53:26,28.953,1345.5
23-05-19 12:53:26,28.953,1270.1
23-05-19 13:53:26,28.953,1097.9
23-05-19 14:53:26,28.953,710.4
23-05-19 15:53:26,28.853,366.0
23-05-19 16:53:26,28.853,107.6
23-05-19 17:53:26,28.853,0.0
23-05-19 18:53:26,28.853,0.0
23-05-19 19:53:26,28.953,0.0
23-05-19 20:53:26,28.853,0.0
23-05-19 21:53:26,28.953,0.0
23-05-19 22:53:26,28.953,0.0
23-05-19 23:53:26,28.953,0.0
23-05-20 00:53:26,28.953,0.0
23-05-20 01:53:26,28.953,0.0
23-05-20 02:53:26,28.953,0.0
23-05-20 03:53:26,28.953,0.0
23-05-20 04:53:26,28.853,0.0
23-05-20 05:53:26,28.953,0.0
23-05-20 06:53:26,28.953,150.7
23-05-20 07:53:26,28.953,452.1
23-05-20 08:53:26,28.953,850.4
23-05-20 09:53:26,28.953,1463.9
23-05-20 10:53:26,28.953,1377.8
23-05-20 11:53:26,28.953,1259.4
23-05-20 12:53:26,29.053,1259.4
23-05-20 13:53:26,28.953,1270.1
23-05-20 14:53:26,28.953,742.7
23-05-20 15:53:26,28.953,398.3
23-05-20 16:53:26,28.953,161.5
23-05-20 17:53:26,28.953,0.0
23-05-20 18:53:26,28.853,0.0
23-05-20 19:53:26,28.853,0.0
23-05-20 20:53:26,28.853,0.0
23-05-20 21:53:26,28.853,0.0
23-05-20 22:53:26,28.853,0.0
23-05-20 23:53:26,28.953,0.0
23-05-21 00:53:26,28.953,0.0
23-05-21 01:53:26,28.953,0.0
23-05-21 02:53:26,28.853,0.0
23-05-21 03:53:26,28.853,0.0
23-05-21 04:53:26,28.853,0.0
23-05-21 05:53:26,28.853,0.0
23-05-21 06:53:26,28.953,118.4
23-05-21 07:53:26,28.953,398.3
23-05-21 08:53:26,28.953,828.8
23-05-21 09:53:26,28.953,818.1
23-05-21 10:53:26,29.053,1808.3
23-05-21 11:53:26,29.053,2066.7
23-05-21 12:53:26,28.953,871.9
23-05-21 13:53:26,29.053,1894.5
23-05-21 14:53:26,28.953,1162.5
23-05-21 15:53:26,28.953,462.9
23-05-21 16:53:26,28.953,129.2
23-05-21 17:53:26,28.953,0.0
23-05-21 18:53:26,28.953,0.0
23-05-21 19:53:26,28.953,0.0
23-05-21 20:53:26,28.953,0.0
23-05-21 21:53:26,29.053,0.0
23-05-21 22:53:26,29.053,0.0
23-05-21 23:53:26,28.853,0.0
23-05-22 00:53:26,28.853,0.0
23-05-22 01:53:26,28.853,0.0
23-05-22 02:53:26,28.953,0.0
23-05-22 03:53:26,28.853,0.0
23-05-22 04:53:26,28.853,0.0
23-05-22 05:53:26,28.853,0.0
23-05-22 06:53:26,28.953,150.7
23-05-22 07:53:26,28.953,366.0
23-05-22 08:53:26,29.053,505.9
23-05-22 09:53:26,29.053,1141.0
23-05-22 10:53:26,29.053,1313.2
23-05-22 11:53:26,28.953,1980.6
23-05-22 12:53:26,29.053,1980.6
23-05-22 13:53:26,28.953,1894.5
23-05-22 14:53:26,29.152,796.5
23-05-22 15:53:26,28.953,516.7
23-05-22 16:53:26,28.853,107.6
23-05-22 17:53:26,28.853,0.0
23-05-22 18:53:26,28.953,0.0
23-05-22 19:53:26,28.853,0.0
23-05-22 20:53:26,28.754,0.0
23-05-22 21:53:26,28.754,0.0
23-05-22 22:53:26,28.853,0.0
23-05-22 23:53:26,28.754,0.0
23-05-23 00:53:26,28.754,0.0
23-05-23 01:53:26,28.953,0.0
23-05-23 02:53:26,28.953,0.0
23-05-23 03:53:26,28.953,0.0
23-05-23 04:53:26,28.853,0.0
23-05-23 05:53:26,28.853,0.0
23-05-23 06:53:26,28.754,118.4
23-05-23 07:53:26,28.754,473.6
23-05-23 08:53:26,28.853,818.1
23-05-23 09:53:26,28.953,1377.8
23-05-23 10:53:26,29.053,1722.2
23-05-23 11:53:26,29.053,2152.8
23-05-23 12:53:26,28.953,1377.8
23-05-23 13:53:26,28.853,807.3
23-05-23 14:53:26,28.953,1184.0
23-05-23 15:53:26,28.853,333.7
23-05-23 16:53:26,28.853,107.6
23-05-23 17:53:26,28.853,0.0
23-05-23 18:53:26,28.853,0.0
23-05-23 19:53:26,28.853,0.0
23-05-23 20:53:26,28.853,0.0
23-05-23 21:53:26,28.853,0.0
23-05-23 22:53:26,28.754,0.0
23-05-23 23:53:26,28.853,0.0
23-05-24 00:53:26,28.853,0.0
23-05-24 01:53:26,28.853,0.0
23-05-24 02:53:26,28.853,0.0
23-05-24 03:53:26,28.853,0.0
23-05-24 04:53:26,28.754,0.0
23-05-24 05:53:26,28.754,0.0
23-05-24 06:53:26,28.853,86.1
23-05-24 07:53:26,28.853,559.7
23-05-24 08:53:26,28.853,1334.7
23-05-24 09:53:26,28.953,1550.0
23-05-24 10:53:26,29.053,1894.5
23-05-24 11:53:26,28.953,1894.5
23-05-24 12:53:26,28.953,1894.5
23-05-24 13:53:26,29.053,1808.3
23-05-24 14:53:26,29.053,1313.2
23-05-24 15:53:26,28.953,613.5
23-05-24 16:53:26,28.953,258.3
23-05-24 17:53:26,28.853,0.0
23-05-24 18:53:26,28.853,0.0
23-05-24 19:53:26,28.853,0.0
23-05-24 20:53:26,28.853,0.0
23-05-24 21:53:26,28.853,0.0
23-05-24 22:53:26,28.655,0.0
23-05-24 23:53:26,28.555,0.0
23-05-25 00:53:26,28.258,0.0
23-05-25 01:53:26,28.456,0.0
23-05-25 02:53:26,28.555,0.0
23-05-25 03:53:26,28.655,0.0
23-05-25 04:53:26,28.754,0.0
23-05-25 05:53:26,28.754,0.0
23-05-25 06:53:26,28.754,139.9
23-05-25 07:53:26,28.853,549.0
23-05-25 08:53:26,28.853,968.8
23-05-25 09:53:26,28.953,1237.9
23-05-25 10:53:26,28.853,1636.1
23-05-25 11:53:26,28.953,1980.6
23-05-25 12:53:26,28.953,2152.8
23-05-25 13:53:26,28.953,1980.6
23-05-25 14:53:26,28.853,1108.7
23-05-25 15:53:26,28.853,430.6
23-05-25 16:53:26,28.853,118.4
23-05-25 17:53:26,28.953,0.0
23-05-25 18:53:26,28.853,0.0
23-05-25 19:53:26,28.953,0.0
23-05-25 20:53:26,28.953,0.0
23-05-25 21:53:26,28.754,0.0
23-05-25 22:53:26,28.754,0.0
23-05-25 23:53:26,28.754,0.0
23-05-26 00:53:26,28.456,0.0
23-05-26 01:53:26,28.754,0.0
23-05-26 02:53:26,28.853,0.0
23-05-26 03:53:26,28.754,0.0
23-05-26 04:53:26,28.754,0.0
23-05-26 05:53:26,28.754,0.0
23-05-26 06:53:26,28.754,129.2
23-05-26 07:53:26,28.853,549.0
23-05-26 08:53:26,28.853,1022.6
23-05-26 09:53:26,28.953,1227.1
23-05-26 10:53:26,28.953,1463.9
23-05-26 11:53:26,28.754,1550.0
23-05-26 12:53:26,28.357,1636.1
23-05-26 13:53:26,28.258,1076.4
23-05-26 14:53:26,28.060,839.6
23-05-26 15:53:26,28.555,409.0
23-05-26 16:53:26,28.853,96.9
23-05-26 17:53:26,28.853,0.0
23-05-26 18:53:26,28.555,0.0
23-05-26 19:53:26,28.853,0.0
23-05-26 20:53:26,28.754,0.0
23-05-26 21:53:26,28.655,0.0
23-05-26 22:53:26,28.655,0.0
23-05-26 23:53:26,28.754,0.0
23-05-27 00:53:26,28.853,0.0
23-05-27 01:53:26,28.853,0.0
23-05-27 02:53:26,28.754,0.0
23-05-27 03:53:26,28.754,0.0
23-05-27 04:53:26,28.754,0.0
23-05-27 05:53:26,28.754,0.0
23-05-27 06:53:26,28.754,107.6
23-05-27 07:53:26,28.853,398.3
23-05-27 08:53:26,28.853,947.2
23-05-27 09:53:26,28.953,1722.2
23-05-27 10:53:26,28.953,1808.3
23-05-27 11:53:26,28.953,1722.2
23-05-27 12:53:26,28.953,2411.1
23-05-27 13:53:26,28.258,1808.3
23-05-27 14:53:26,28.357,936.5
23-05-27 15:53:26,28.754,452.1
23-05-27 16:53:26,28.853,129.2
23-05-27 17:53:26,28.853,0.0
23-05-27 18:53:26,28.953,0.0
23-05-27 19:53:26,28.853,0.0
23-05-27 20:53:26,28.853,0.0
23-05-27 21:53:26,28.853,0.0
23-05-27 22:53:26,28.853,0.0
23-05-27 23:53:26,28.853,0.0
23-05-28 00:53:26,28.754,0.0
23-05-28 01:53:26,28.754,0.0
23-05-28 02:53:26,28.754,0.0
23-05-28 03:53:26,28.754,0.0
23-05-28 04:53:26,28.754,0.0
23-05-28 05:53:26,28.754,0.0
23-05-28 06:53:26,28.754,64.6
23-05-28 07:53:26,28.754,290.6
23-05-28 08:53:26,28.853,635.1
23-05-28 09:53:26,28.853,1141.0
23-05-28 10:53:26,28.953,1722.2
23-05-28 11:53:26,28.953,1980.6
23-05-28 12:53:26,28.953,1894.5
23-05-28 13:53:26,28.853,1302.4
23-05-28 14:53:26,28.853,893.4
23-05-28 15:53:26,28.853,441.3
23-05-28 16:53:26,28.655,129.2
23-05-28 17:53:26,28.754,0.0
23-05-28 18:53:26,28.853,0.0
23-05-28 19:53:26,28.853,0.0
23-05-28 20:53:26,28.754,0.0
23-05-28 21:53:26,28.754,0.0
23-05-28 22:53:26,28.754,0.0
23-05-28 23:53:26,28.754,0.0
23-05-29 00:53:26,28.754,0.0
23-05-29 01:53:26,28.754,0.0
23-05-29 02:53:26,28.754,0.0
23-05-29 03:53:26,28.655,0.0
23-05-29 04:53:26,28.655,0.0
23-05-29 05:53:26,28.655,0.0
23-05-29 06:53:26,28.655,118.4
23-05-29 07:53:26,28.754,355.2
23-05-29 08:53:26,28.754,839.6
23-05-29 09:53:26,28.754,828.8
23-05-29 10:53:26,28.754,1119.5
23-05-29 11:53:26,28.754,2325.0
23-05-29 12:53:26,28.655,742.7
23-05-29 13:53:26,28.555,441.3
23-05-29 14:53:26,28.555,592.0
23-05-29 15:53:26,28.555,731.9
23-05-29 16:53:26,28.555,215.3
23-05-29 17:53:26,28.555,0.0
23-05-29 18:53:26,28.555,0.0
23-05-29 19:53:26,28.555,0.0
23-05-29 20:53:26,28.555,0.0
23-05-29 21:53:26,28.456,0.0
23-05-29 22:53:26,28.555,0.0
23-05-29 23:53:26,28.357,0.0
23-05-30 00:53:26,28.357,0.0
23-05-30 01:53:26,28.456,0.0
23-05-30 02:53:26,28.357,0.0
23-05-30 03:53:26,28.258,0.0
23-05-30 04:53:26,28.357,0.0
23-05-30 05:53:26,28.258,0.0
23-05-30 06:53:26,28.357,32.3
23-05-30 07:53:26,28.357,86.1
23-05-30 08:53:26,28.456,322.9
23-05-30 09:53:26,28.456,409.0
23-05-30 10:53:26,28.655,1550.0
23-05-30 11:53:26,28.655,2238.9
23-05-30 12:53:26,28.555,2411.1
23-05-30 13:53:26,28.555,376.7
23-05-30 14:53:26,28.357,581.3
23-05-30 15:53:26,28.456,139.9
23-05-30 16:53:26,28.456,53.8
23-05-30 17:53:26,28.357,0.0
23-05-30 18:53:26,28.456,0.0
23-05-30 19:53:26,28.456,0.0
23-05-30 20:53:26,28.456,0.0
23-05-30 21:53:26,28.357,0.0
23-05-30 22:53:26,28.357,0.0
23-05-30 23:53:26,28.357,0.0
23-05-31 00:53:26,28.258,0.0
23-05-31 01:53:26,27.862,0.0
23-05-31 02:53:26,27.862,0.0
23-05-31 03:53:26,27.567,0.0
23-05-31 04:53:26,27.764,0.0
23-05-31 05:53:26,27.862,0.0
23-05-31 06:53:26,27.862,75.3
23-05-31 07:53:26,28.060,333.7
23-05-31 08:53:26,28.159,570.5
23-05-31 09:53:26,28.258,871.9
23-05-31 10:53:26,28.258,1033.3
23-05-31 11:53:26,28.357,1280.9
23-05-31 12:53:26,28.357,1259.4
23-05-31 13:53:26,28.357,1259.4
23-05-31 14:53:26,28.258,1076.4
23-05-31 15:53:26,28.258,516.7
23-05-31 16:53:26,28.258,129.2
23-05-31 17:53:26,28.258,0.0
23-05-31 18:53:26,28.258,0.0
23-05-31 19:53:26,28.258,0.0
23-05-31 20:53:26,28.258,0.0
23-05-31 21:53:26,28.258,0.0
23-05-31 22:53:26,28.258,0.0
23-05-31 23:53:26,28.258,0.0
23-06-01 00:53:26,28.258,0.0
23-06-01 01:53:26,28.258,0.0
23-06-01 02:53:26,28.159,0.0
23-06-01 03:53:26,28.159,0.0
23-06-01 04:53:26,28.159,0.0
23-06-01 05:53:26,28.159,0.0
23-06-01 06:53:26,28.159,107.6
23-06-01 07:53:26,28.258,473.6
23-06-01 08:53:26,28.258,979.5
23-06-01 09:53:26,28.357,1356.3
23-06-01 10:53:26,28.357,1980.6
23-06-01 11:53:26,28.456,1636.1
23-06-01 12:53:26,28.456,1894.5
23-06-01 13:53:26,28.456,1550.0
23-06-01 14:53:26,28.456,1237.9
23-06-01 15:53:26,28.357,699.7
23-06-01 16:53:26,28.258,139.9
23-06-01 17:53:26,28.258,0.0
23-06-01 18:53:26,28.258,0.0
23-06-01 19:53:26,28.258,0.0
23-06-01 20:53:26,28.258,0.0
23-06-01 21:53:26,28.060,0.0
23-06-01 22:53:26,28.258,0.0
23-06-01 23:53:26,28.159,0.0
23-06-02 00:53:26,28.258,0.0
23-06-02 01:53:26,28.159,0.0
23-06-02 02:53:26,28.159,0.0
23-06-02 03:53:26,28.159,0.0
23-06-02 04:53:26,28.159,0.0
23-06-02 05:53:26,28.159,0.0
23-06-02 06:53:26,28.159,118.4
23-06-02 07:53:26,28.258,505.9
23-06-02 08:53:26,28.258,1097.9
23-06-02 09:53:26,28.258,2411.1
23-06-02 10:53:26,28.258,1636.1
23-06-02 11:53:26,28.357,2411.1
23-06-02 12:53:26,28.357,2066.7
23-06-02 13:53:26,28.357,1894.5
23-06-02 14:53:26,28.258,699.7
23-06-02 15:53:26,28.357,990.3
23-06-02 16:53:26,28.258,183.0
23-06-02 17:53:26,28.258,0.0
23-06-02 18:53:26,28.258,0.0
23-06-02 19:53:26,28.258,0.0
23-06-02 20:53:26,28.159,0.0
23-06-02 21:53:26,27.862,0.0
23-06-02 22:53:26,27.862,0.0
23-06-02 23:53:26,27.961,0.0
23-06-03 00:53:26,28.159,0.0
23-06-03 01:53:26,28.159,0.0
23-06-03 02:53:26,28.159,0.0
23-06-03 03:53:26,28.159,0.0
23-06-03 04:53:26,28.159,0.0
23-06-03 05:53:26,28.060,0.0
23-06-03 06:53:26,28.060,86.1
23-06-03 07:53:26,28.060,667.4
23-06-03 08:53:26,28.159,1119.5
23-06-03 09:53:26,28.159,2066.7
23-06-03 10:53:26,28.258,2583.4
23-06-03 11:53:26,28.357,1808.3
23-06-03 12:53:26,28.357,2325.0
23-06-03 13:53:26,28.258,2411.1
23-06-03 14:53:26,28.258,1377.8
23-06-03 15:53:26,28.258,1130.2
23-06-03 16:53:26,28.258,269.1
23-06-03 17:53:26,28.060,0.0
23-06-03 18:53:26,28.060,0.0
23-06-03 19:53:26,28.060,0.0
23-06-03 20:53:26,28.060,0.0
23-06-03 21:53:26,28.060,0.0
23-06-03 22:53:26,27.764,0.0
23-06-03 23:53:26,27.961,0.0
23-06-04 00:53:26,28.060,0.0
23-06-04 01:53:26,28.060,0.0
23-06-04 02:53:26,28.060,0.0
23-06-04 03:53:26,28.060,0.0
23-06-04 04:53:26,28.060,0.0
23-06-04 05:53:26,28.060,0.0
23-06-04 06:53:26,28.060,139.9
23-06-04 07:53:26,28.060,667.4
23-06-04 08:53:26,28.159,1463.9
23-06-04 09:53:26,28.159,2238.9
23-06-04 10:53:26,28.258,2411.1
23-06-04 11:53:26,28.258,2755.6
23-06-04 12:53:26,28.258,2755.6
23-06-04 13:53:26,28.357,2152.8
23-06-04 14:53:26,28.357,1270.1
23-06-04 15:53:26,28.258,667.4
23-06-04 16:53:26,28.159,172.2
23-06-04 17:53:26,28.060,0.0
23-06-04 18:53:26,28.159,0.0
23-06-04 19:53:26,28.159,0.0
23-06-04 20:53:26,28.159,0.0
23-06-04 21:53:26,28.159,0.0
23-06-04 22:53:26,28.060,0.0
23-06-04 23:53:26,28.159,0.0
23-06-05 00:53:26,28.159,0.0
23-06-05 01:53:26,28.159,0.0
23-06-05 02:53:26,28.159,0.0
23-06-05 03:53:26,28.159,0.0
23-06-05 04:53:26,28.159,0.0
23-06-05 05:53:26,28.159,0.0
23-06-05 06:53:26,28.159,150.7
23-06-05 07:53:26,28.258,688.9
23-06-05 08:53:26,28.258,1291.7
23-06-05 09:53:26,28.258,1463.9
23-06-05 10:53:26,28.258,2066.7
23-06-05 11:53:26,28.357,2152.8
23-06-05 12:53:26,28.357,2497.2
23-06-05 13:53:26,28.258,936.5
23-06-05 14:53:26,28.258,1076.4
23-06-05 15:53:26,28.159,301.4
23-06-05 16:53:26,28.159,183.0
23-06-05 17:53:26,28.159,0.0
23-06-05 18:53:26,28.159,0.0
23-06-05 19:53:26,28.159,0.0
23-06-05 20:53:26,28.060,0.0
23-06-05 21:53:26,28.159,0.0
23-06-05 22:53:26,28.159,0.0
23-06-05 23:53:26,28.258,0.0
23-06-06 00:53:26,28.159,0.0
23-06-06 01:53:26,28.159,0.0
23-06-06 02:53:26,28.159,0.0
23-06-06 03:53:26,28.159,0.0
23-06-06 04:53:26,28.159,0.0
23-06-06 05:53:26,28.159,0.0
23-06-06 06:53:26,28.159,107.6
23-06-06 07:53:26,28.258,559.7
23-06-06 08:53:26,28.258,1227.1
23-06-06 09:53:26,28.357,1550.0
23-06-06 10:53:26,28.357,2238.9
23-06-06 11:53:26,28.357,1980.6
23-06-06 12:53:26,28.258,699.7
23-06-06 13:53:26,28.357,2152.8
23-06-06 14:53:26,28.258,559.7
23-06-06 15:53:26,28.258,893.4
23-06-06 16:53:26,28.258,290.6
23-06-06 17:53:26,28.159,0.0
23-06-06 18:53:26,28.159,0.0
23-06-06 19:53:26,28.159,0.0
23-06-06 20:53:26,28.159,0.0
23-06-06 21:53:26,28.159,0.0
23-06-06 22:53:26,28.159,0.0
23-06-06 23:53:26,28.159,0.0
23-06-07 00:53:26,28.159,0.0
23-06-07 01:53:26,28.159,0.0
23-06-07 02:53:26,28.159,0.0
23-06-07 03:53:26,28.159,0.0
23-06-07 04:53:26,28.159,0.0
23-06-07 05:53:26,28.159,0.0
23-06-07 06:53:26,28.159,107.6
23-06-07 07:53:26,28.159,721.2
23-06-07 08:53:26,28.258,1291.7
23-06-07 09:53:26,28.258,1463.9
23-06-07 10:53:26,28.258,2583.4
23-06-07 11:53:26,28.357,3100.0
23-06-07 12:53:26,28.258,2755.6
23-06-07 13:53:26,28.258,2152.8
23-06-07 14:53:26,28.159,678.1
23-06-07 15:53:26,28.159,366.0
23-06-07 16:53:26,28.060,183.0
23-06-07 17:53:26,28.060,0.0
23-06-07 18:53:26,28.060,0.0
23-06-07 19:53:26,28.060,0.0
23-06-07 20:53:26,28.060,0.0
23-06-07 21:53:26,28.060,0.0
23-06-07 22:53:26,28.060,0.0
23-06-07 23:53:26,28.060,0.0
23-06-08 00:53:26,28.060,0.0
23-06-08 01:53:26,28.060,0.0
23-06-08 02:53:26,28.060,0.0
23-06-08 03:53:26,28.060,0.0
23-06-08 04:53:26,27.961,0.0
23-06-08 05:53:26,27.961,0.0
23-06-08 06:53:26,27.961,118.4
23-06-08 07:53:26,28.060,387.5
23-06-08 08:53:26,28.060,1636.1
23-06-08 09:53:26,28.159,1808.3
23-06-08 10:53:26,28.159,2583.4
23-06-08 11:53:26,28.258,3100.0
23-06-08 12:53:26,28.159,2927.8
23-06-08 13:53:26,28.159,2411.1
23-06-08 14:53:26,28.159,1377.8
23-06-08 15:53:26,28.060,764.2
23-06-08 16:53:26,28.060,204.5
23-06-08 17:53:26,27.961,0.0
23-06-08 18:53:26,27.961,0.0
23-06-08 19:53:26,27.961,0.0
23-06-08 20:53:26,27.961,0.0
23-06-08 21:53:26,27.961,0.0
23-06-08 22:53:26,27.961,0.0
23-06-08 23:53:26,27.961,0.0
23-06-09 00:53:26,27.961,0.0
23-06-09 01:53:26,27.961,0.0
23-06-09 02:53:26,27.961,0.0
23-06-09 03:53:26,27.961,0.0
23-06-09 04:53:26,27.961,0.0
23-06-09 05:53:26,27.961,0.0
23-06-09 06:53:26,27.961,118.4
23-06-09 07:53:26,27.961,570.5
23-06-09 08:53:26,27.961,828.8
23-06-09 09:53:26,27.961,1894.5
23-06-09 10:53:26,28.060,2497.2
23-06-09 11:53:26,28.159,3444.5
23-06-09 12:53:26,28.159,2927.8
23-06-09 13:53:26,28.159,2755.6
23-06-09 14:53:26,28.060,958.0
23-06-09 15:53:26,28.060,699.7
23-06-09 16:53:26,27.961,193.8
23-06-09 17:53:26,27.961,0.0
23-06-09 18:53:26,27.961,0.0
23-06-09 19:53:26,27.961,0.0
23-06-09 20:53:26,27.961,0.0
23-06-09 21:53:26,27.862,0.0
23-06-09 22:53:26,27.862,0.0
23-06-09 23:53:26,27.862,0.0
23-06-10 00:53:26,27.862,0.0
23-06-10 01:53:26,27.862,0.0
23-06-10 02:53:26,27.862,0.0
23-06-10 03:53:26,27.862,0.0
23-06-10 04:53:26,27.862,0.0
23-06-10 05:53:26,27.862,0.0
23-06-10 06:53:26,27.862,64.6
23-06-10 07:53:26,27.862,172.2
23-06-10 08:53:26,27.961,796.5
23-06-10 09:53:26,27.961,1377.8
23-06-10 10:53:26,28.060,2152.8
23-06-10 11:53:26,28.060,2411.1
23-06-10 12:53:26,28.060,1894.5
23-06-10 13:53:26,28.060,1722.2
23-06-10 14:53:26,27.961,1194.8
23-06-10 15:53:26,27.961,635.1
23-06-10 16:53:26,27.862,150.7
23-06-10 17:53:26,27.862,0.0
23-06-10 18:53:26,27.862,0.0
23-06-10 19:53:26,27.862,0.0
23-06-10 20:53:26,27.862,0.0
23-06-10 21:53:26,27.862,0.0
23-06-10 22:53:26,27.862,0.0
23-06-10 23:53:26,27.862,0.0
23-06-11 00:53:26,27.862,0.0
23-06-11 01:53:26,27.862,0.0
23-06-11 02:53:26,27.862,0.0
23-06-11 03:53:26,27.862,0.0
23-06-11 04:53:26,27.862,0.0
23-06-11 05:53:26,27.862,0.0
23-06-11 06:53:26,27.862,96.9
23-06-11 07:53:26,27.862,549.0
23-06-11 08:53:26,27.961,1087.2
23-06-11 09:53:26,27.961,1550.0
23-06-11 10:53:26,27.961,2325.0
23-06-11 11:53:26,27.961,1980.6
23-06-11 12:53:26,27.961,1194.8
23-06-11 13:53:26,27.961,914.9
23-06-11 14:53:26,27.961,1097.9
23-06-11 15:53:26,27.862,559.7
23-06-11 16:53:26,27.961,150.7
23-06-11 17:53:26,27.862,0.0
23-06-11 18:53:26,27.862,0.0
23-06-11 19:53:26,27.862,0.0
23-06-11 20:53:26,27.862,0.0
23-06-11 21:53:26,27.862,0.0
23-06-11 22:53:26,27.862,0.0
23-06-11 23:53:26,27.862,0.0
23-06-12 00:53:26,27.862,0.0
23-06-12 01:53:26,27.862,0.0
23-06-12 02:53:26,27.862,0.0
23-06-12 03:53:26,27.862,0.0
23-06-12 04:53:26,27.764,0.0
23-06-12 05:53:26,27.862,0.0
23-06-12 06:53:26,27.764,53.8
23-06-12 07:53:26,27.862,236.8
23-06-12 08:53:26,27.862,366.0
23-06-12 09:53:26,27.862,613.5
23-06-12 10:53:26,27.961,1022.6
23-06-12 11:53:26,27.961,1377.8
23-06-12 12:53:26,27.961,1205.6
23-06-12 13:53:26,27.961,1065.6
23-06-12 14:53:26,27.961,688.9
23-06-12 15:53:26,27.862,333.7
23-06-12 16:53:26,27.862,53.8
23-06-12 17:53:26,27.764,0.0
23-06-12 18:53:26,27.764,0.0
23-06-12 19:53:26,27.764,0.0
23-06-12 20:53:26,27.764,0.0
23-06-12 21:53:26,27.764,0.0
23-06-12 22:53:26,27.764,0.0
23-06-12 23:53:26,27.764,0.0
23-06-13 00:53:26,27.764,0.0
23-06-13 01:53:26,27.764,0.0
23-06-13 02:53:26,27.764,0.0
23-06-13 03:53:26,27.764,0.0
23-06-13 04:53:26,27.764,0.0
23-06-13 05:53:26,27.764,0.0
23-06-13 06:53:26,27.665,43.1
23-06-13 07:53:26,27.764,290.6
23-06-13 08:53:26,27.764,409.0
23-06-13 09:53:26,27.862,807.3
23-06-13 10:53:26,27.862,1044.1
23-06-13 11:53:26,27.862,1087.2
23-06-13 12:53:26,27.862,505.9
23-06-13 13:53:26,27.862,1377.8
23-06-13 14:53:26,27.862,753.5
23-06-13 15:53:26,27.862,484.4
23-06-13 16:53:26,27.862,86.1
23-06-13 17:53:26,27.862,0.0
23-06-13 18:53:26,27.764,0.0
23-06-13 19:53:26,27.764,0.0
23-06-13 20:53:26,27.764,0.0
23-06-13 21:53:26,27.764,0.0
23-06-13 22:53:26,27.764,0.0
23-06-13 23:53:26,27.764,0.0
23-06-14 00:53:26,27.764,0.0
23-06-14 01:53:26,27.764,0.0
23-06-14 02:53:26,27.764,0.0
23-06-14 03:53:26,27.764,0.0
23-06-14 04:53:26,27.764,0.0
23-06-14 05:53:26,27.764,0.0
23-06-14 06:53:26,27.764,64.6
23-06-14 07:53:26,27.764,355.2
23-06-14 08:53:26,27.764,818.1
23-06-14 09:53:26,27.862,1065.6
23-06-14 10:53:26,27.862,753.5
23-06-14 11:53:26,27.862,1001.0
23-06-14 12:53:26,27.862,527.4
23-06-14 13:53:26,27.862,452.1
23-06-14 14:53:26,27.862,32.3
23-06-14 15:53:26,27.862,53.8
23-06-14 16:53:26,27.862,43.1
23-06-14 17:53:26,27.862,0.0
23-06-14 18:53:26,27.862,0.0
23-06-14 19:53:26,27.862,0.0
23-06-14 20:53:26,27.862,0.0
23-06-14 21:53:26,27.862,0.0
23-06-14 22:53:26,27.764,0.0
23-06-14 23:53:26,27.764,0.0
23-06-15 00:53:26,27.764,0.0
23-06-15 01:53:26,27.764,0.0
23-06-15 02:53:26,27.764,0.0
23-06-15 03:53:26,27.764,0.0
23-06-15 04:53:26,27.764,0.0
23-06-15 05:53:26,27.764,0.0
23-06-15 06:53:26,27.764,75.3
23-06-15 07:53:26,27.665,258.3
23-06-15 08:53:26,27.764,785.8
23-06-15 09:53:26,27.764,1377.8
23-06-15 10:53:26,27.862,1722.2
23-06-15 11:53:26,27.862,936.5
23-06-15 12:53:26,27.862,2066.7
23-06-15 13:53:26,27.862,1550.0
23-06-15 14:53:26,27.862,1162.5
23-06-15 15:53:26,27.862,570.5
23-06-15 16:53:26,27.764,161.5
23-06-15 17:53:26,27.764,0.0
23-06-15 18:53:26,27.764,0.0
23-06-15 19:53:26,27.764,0.0
23-06-15 20:53:26,27.764,0.0
23-06-15 21:53:26,27.764,0.0
23-06-15 22:53:26,27.665,0.0
23-06-15 23:53:26,27.764,0.0
23-06-16 00:53:26,27.764,0.0
23-06-16 01:53:26,27.764,0.0
23-06-16 02:53:26,27.764,0.0
23-06-16 03:53:26,27.665,0.0
23-06-16 04:53:26,27.665,0.0
23-06-16 05:53:26,27.665,0.0
23-06-16 06:53:26,27.665,96.9
23-06-16 07:53:26,27.764,527.4
23-06-16 08:53:26,27.764,893.4
23-06-16 09:53:26,27.764,1463.9
23-06-16 10:53:26,27.862,1216.3
23-06-16 11:53:26,27.764,21.5
23-06-16 12:53:26,28.159,505.9
23-06-16 13:53:26,22.046,322.9
23-06-16 14:53:26,26.488,430.6
23-06-16 15:53:26,26.195,312.2
23-06-16 16:53:26,25.708,139.9
23-06-16 17:53:26,25.610,0.0
23-06-16 18:53:26,25.902,0.0
23-06-16 19:53:26,26.097,0.0
23-06-16 20:53:26,26.097,0.0
23-06-16 21:53:26,26.097,0.0
23-06-16 22:53:26,26.000,0.0
23-06-16 23:53:26,25.805,0.0
23-06-17 00:53:26,25.708,0.0
23-06-17 01:53:26,25.513,0.0
23-06-17 02:53:26,25.416,0.0
23-06-17 03:53:26,25.319,0.0
23-06-17 04:53:26,25.125,0.0
23-06-17 05:53:26,24.931,0.0
23-06-17 06:53:26,24.738,0.0
23-06-17 07:53:26,24.641,43.1
23-06-17 08:53:26,24.641,53.8
23-06-17 09:53:26,24.738,107.6
23-06-17 10:53:26,25.125,150.7
23-06-17 11:53:26,25.610,505.9
23-06-17 12:53:26,26.292,269.1
23-06-17 13:53:26,26.879,409.0
23-06-17 14:53:26,27.272,570.5
23-06-17 15:53:26,27.567,387.5
23-06-17 16:53:26,27.764,43.1
23-06-17 17:53:26,27.665,0.0
23-06-17 18:53:26,27.370,0.0
23-06-17 19:53:26,27.075,0.0
23-06-17 20:53:26,26.879,0.0
23-06-17 21:53:26,26.585,0.0
23-06-17 22:53:26,26.390,0.0
23-06-17 23:53:26,26.097,0.0
23-06-18 00:53:26,25.902,0.0
23-06-18 01:53:26,25.708,0.0
23-06-18 02:53:26,25.513,0.0
23-06-18 03:53:26,25.319,0.0
23-06-18 04:53:26,25.125,0.0
23-06-18 05:53:26,24.931,0.0
23-06-18 06:53:26,24.835,0.0
23-06-18 07:53:26,24.738,21.5
23-06-18 08:53:26,24.738,43.1
23-06-18 09:53:26,24.835,53.8
23-06-18 10:53:26,25.125,495.1
23-06-18 11:53:26,25.610,516.7
23-06-18 12:53:26,26.390,527.4
