"Date Time, GMT-10:00","Temp, Â°C (LGR S/N: 21086844, SEN S/N: 21086844)","Intensity, Lux (LGR S/N: 21086844, SEN S/N: 21086844)"
23-03-16 12:53:35,26.781,43.1
23-03-16 13:53:35,29.752,247.6
23-03-16 14:53:35,33.639,667.4
23-03-16 15:53:35,29.853,15844.5
23-03-16 16:53:35,29.652,4994.5
23-03-16 17:53:35,29.352,592.0
23-03-16 18:53:35,29.252,0.0
23-03-16 19:53:35,29.252,0.0
23-03-16 20:53:35,29.352,0.0
23-03-16 21:53:35,29.252,0.0
23-03-16 22:53:35,29.252,0.0
23-03-16 23:53:35,29.252,0.0
23-03-17 00:53:35,29.252,0.0
23-03-17 01:53:35,29.252,0.0
23-03-17 02:53:35,29.252,0.0
23-03-17 03:53:35,29.252,0.0
23-03-17 04:53:35,29.152,0.0
23-03-17 05:53:35,29.252,0.0
23-03-17 06:53:35,29.352,1291.7
23-03-17 07:53:35,29.452,3788.9
23-03-17 08:53:35,29.652,5166.7
23-03-17 09:53:35,29.853,10333.4
23-03-17 10:53:35,29.552,6200.0
23-03-17 11:53:35,30.356,27555.7
23-03-17 12:53:35,29.953,16533.4
23-03-17 13:53:35,30.255,22044.6
23-03-17 14:53:35,30.255,34444.7
23-03-17 15:53:35,29.853,9644.5
23-03-17 16:53:35,29.552,5166.7
23-03-17 17:53:35,29.352,366.0
23-03-17 18:53:35,29.352,0.0
23-03-17 19:53:35,29.252,0.0
23-03-17 20:53:35,29.252,0.0
23-03-17 21:53:35,29.252,0.0
23-03-17 22:53:35,29.252,0.0
23-03-17 23:53:35,29.152,0.0
23-03-18 00:53:35,29.252,0.0
23-03-18 01:53:35,29.152,0.0
23-03-18 02:53:35,29.152,0.0
23-03-18 03:53:35,29.152,0.0
23-03-18 04:53:35,29.152,0.0
23-03-18 05:53:35,29.152,0.0
23-03-18 06:53:35,29.252,1463.9
23-03-18 07:53:35,29.452,3961.1
23-03-18 08:53:35,29.652,8266.7
23-03-18 09:53:35,29.652,10333.4
23-03-18 10:53:35,29.953,15844.5
23-03-18 11:53:35,29.853,14466.8
23-03-18 12:53:35,30.054,26178.0
23-03-18 13:53:35,30.356,44089.2
23-03-18 14:53:35,29.652,8611.2
23-03-18 15:53:35,29.552,4822.3
23-03-18 16:53:35,29.452,1894.5
23-03-18 17:53:35,29.252,247.6
23-03-18 18:53:35,29.252,0.0
23-03-18 19:53:35,29.252,0.0
23-03-18 20:53:35,29.252,0.0
23-03-18 21:53:35,29.252,0.0
23-03-18 22:53:35,29.252,0.0
23-03-18 23:53:35,29.252,0.0
23-03-19 00:53:35,29.252,0.0
23-03-19 01:53:35,29.152,0.0
23-03-19 02:53:35,29.152,0.0
23-03-19 03:53:35,29.152,0.0
23-03-19 04:53:35,29.152,0.0
23-03-19 05:53:35,29.152,0.0
23-03-19 06:53:35,29.152,1302.4
23-03-19 07:53:35,29.352,3272.2
23-03-19 08:53:35,29.452,4822.3
23-03-19 09:53:35,29.352,6200.0
23-03-19 10:53:35,29.552,11022.3
23-03-19 11:53:35,29.552,8611.2
23-03-19 12:53:35,29.552,9644.5
23-03-19 13:53:35,29.552,7577.8
23-03-19 14:53:35,29.452,6544.5
23-03-19 15:53:35,29.352,3444.5
23-03-19 16:53:35,29.252,1280.9
23-03-19 17:53:35,29.152,355.2
23-03-19 18:53:35,29.152,0.0
23-03-19 19:53:35,29.152,0.0
23-03-19 20:53:35,29.152,0.0
23-03-19 21:53:35,29.152,0.0
23-03-19 22:53:35,29.152,0.0
23-03-19 23:53:35,29.152,0.0
23-03-20 00:53:35,29.152,0.0
23-03-20 01:53:35,29.152,0.0
23-03-20 02:53:35,29.152,0.0
23-03-20 03:53:35,29.053,0.0
23-03-20 04:53:35,29.053,0.0
23-03-20 05:53:35,29.053,0.0
23-03-20 06:53:35,29.053,1141.0
23-03-20 07:53:35,29.152,4133.4
23-03-20 08:53:35,29.452,6544.5
23-03-20 09:53:35,29.752,10677.8
23-03-20 10:53:35,29.853,16533.4
23-03-20 11:53:35,29.953,20666.8
23-03-20 12:53:35,30.154,37200.2
23-03-20 13:53:35,30.255,24800.2
23-03-20 14:53:35,30.154,20666.8
23-03-20 15:53:35,29.853,11711.2
23-03-20 16:53:35,29.552,5166.7
23-03-20 17:53:35,29.352,473.6
23-03-20 18:53:35,29.352,0.0
23-03-20 19:53:35,29.252,0.0
23-03-20 20:53:35,29.252,0.0
23-03-20 21:53:35,29.152,0.0
23-03-20 22:53:35,29.152,0.0
23-03-20 23:53:35,29.252,0.0
23-03-21 00:53:35,29.252,0.0
23-03-21 01:53:35,29.152,0.0
23-03-21 02:53:35,29.152,0.0
23-03-21 03:53:35,29.053,0.0
23-03-21 04:53:35,29.053,0.0
23-03-21 05:53:35,29.053,0.0
23-03-21 06:53:35,29.152,1141.0
23-03-21 07:53:35,29.452,3444.5
23-03-21 08:53:35,29.552,5166.7
23-03-21 09:53:35,29.752,16533.4
23-03-21 10:53:35,29.953,18600.1
23-03-21 11:53:35,29.652,7233.4
23-03-21 12:53:35,29.953,23422.4
23-03-21 13:53:35,30.154,27555.7
23-03-21 14:53:35,30.154,11022.3
23-03-21 15:53:35,29.853,10677.8
23-03-21 16:53:35,29.652,4477.8
23-03-21 17:53:35,29.452,258.3
23-03-21 18:53:35,29.452,0.0
23-03-21 19:53:35,29.352,0.0
23-03-21 20:53:35,29.352,0.0
23-03-21 21:53:35,29.352,0.0
23-03-21 22:53:35,29.252,0.0
23-03-21 23:53:35,29.252,0.0
23-03-22 00:53:35,29.252,0.0
23-03-22 01:53:35,29.252,0.0
23-03-22 02:53:35,29.252,0.0
23-03-22 03:53:35,29.252,0.0
23-03-22 04:53:35,29.252,0.0
23-03-22 05:53:35,29.252,0.0
23-03-22 06:53:35,29.252,1108.7
23-03-22 07:53:35,29.452,2411.1
23-03-22 08:53:35,29.652,4994.5
23-03-22 09:53:35,29.752,9300.1
23-03-22 10:53:35,29.953,41333.6
23-03-22 11:53:35,30.255,21355.7
23-03-22 12:53:35,30.356,28933.5
23-03-22 13:53:35,30.356,28933.5
23-03-22 14:53:35,30.154,17222.3
23-03-22 15:53:35,29.853,12400.1
23-03-22 16:53:35,29.552,3961.1
23-03-22 17:53:35,29.352,387.5
23-03-22 18:53:35,29.652,0.0
23-03-22 19:53:35,29.552,0.0
23-03-22 20:53:35,29.552,0.0
23-03-22 21:53:35,29.552,0.0
23-03-22 22:53:35,29.552,0.0
23-03-22 23:53:35,29.452,0.0
23-03-23 00:53:35,29.452,0.0
23-03-23 01:53:35,29.352,0.0
23-03-23 02:53:35,29.352,0.0
23-03-23 03:53:35,29.352,0.0
23-03-23 04:53:35,29.352,0.0
23-03-23 05:53:35,29.352,0.0
23-03-23 06:53:35,29.352,1248.6
23-03-23 07:53:35,29.552,3616.7
23-03-23 08:53:35,29.652,5511.1
23-03-23 09:53:35,29.853,16533.4
23-03-23 10:53:35,30.054,12400.1
23-03-23 11:53:35,30.255,27555.7
23-03-23 12:53:35,30.356,17911.2
23-03-23 13:53:35,30.457,49600.3
23-03-23 14:53:35,30.255,15155.7
23-03-23 15:53:35,30.255,12400.1
23-03-23 16:53:35,29.953,4477.8
23-03-23 17:53:35,29.652,269.1
23-03-23 18:53:35,29.552,0.0
23-03-23 19:53:35,29.452,0.0
23-03-23 20:53:35,29.452,0.0
23-03-23 21:53:35,29.452,0.0
23-03-23 22:53:35,29.352,0.0
23-03-23 23:53:35,29.352,0.0
23-03-24 00:53:35,29.452,0.0
23-03-24 01:53:35,29.452,0.0
23-03-24 02:53:35,29.352,0.0
23-03-24 03:53:35,29.352,0.0
23-03-24 04:53:35,29.352,0.0
23-03-24 05:53:35,29.352,0.0
23-03-24 06:53:35,29.352,1033.3
23-03-24 07:53:35,29.552,3444.5
23-03-24 08:53:35,29.752,5166.7
23-03-24 09:53:35,29.953,6544.5
23-03-24 10:53:35,30.054,11022.3
23-03-24 11:53:35,30.255,27555.7
23-03-24 12:53:35,30.255,22044.6
23-03-24 13:53:35,30.255,18600.1
23-03-24 14:53:35,30.154,30311.3
23-03-24 15:53:35,29.953,14466.8
23-03-24 16:53:35,29.752,2755.6
23-03-24 17:53:35,29.452,430.6
23-03-24 18:53:35,29.352,0.0
23-03-24 19:53:35,29.252,0.0
23-03-24 20:53:35,29.252,0.0
23-03-24 21:53:35,29.352,0.0
23-03-24 22:53:35,29.452,0.0
23-03-24 23:53:35,29.452,0.0
23-03-25 00:53:35,29.452,0.0
23-03-25 01:53:35,29.452,0.0
23-03-25 02:53:35,29.352,0.0
23-03-25 03:53:35,29.452,0.0
23-03-25 04:53:35,29.452,0.0
23-03-25 05:53:35,29.352,0.0
23-03-25 06:53:35,29.552,1076.4
23-03-25 07:53:35,29.652,2755.6
23-03-25 08:53:35,29.752,6200.0
23-03-25 09:53:35,29.853,8266.7
23-03-25 10:53:35,30.154,17911.2
23-03-25 11:53:35,30.356,20666.8
23-03-25 12:53:35,30.457,27555.7
23-03-25 13:53:35,30.457,18600.1
23-03-25 14:53:35,29.853,5166.7
23-03-25 15:53:35,29.752,3788.9
23-03-25 16:53:35,29.652,4650.0
23-03-25 17:53:35,29.452,376.7
23-03-25 18:53:35,29.452,0.0
23-03-25 19:53:35,29.552,0.0
23-03-25 20:53:35,29.652,0.0
23-03-25 21:53:35,29.552,0.0
23-03-25 22:53:35,29.452,0.0
23-03-25 23:53:35,29.352,0.0
23-03-26 00:53:35,29.352,0.0
23-03-26 01:53:35,29.352,0.0
23-03-26 02:53:35,29.352,0.0
23-03-26 03:53:35,29.352,0.0
23-03-26 04:53:35,29.352,0.0
23-03-26 05:53:35,29.352,0.0
23-03-26 06:53:35,29.452,893.4
23-03-26 07:53:35,29.552,2411.1
23-03-26 08:53:35,29.752,6200.0
23-03-26 09:53:35,29.953,10677.8
23-03-26 10:53:35,30.154,26178.0
23-03-26 11:53:35,30.255,18600.1
23-03-26 12:53:35,30.356,23422.4
23-03-26 13:53:35,30.457,26178.0
23-03-26 14:53:35,29.853,3272.2
23-03-26 15:53:35,29.953,5166.7
23-03-26 16:53:35,29.853,2755.6
23-03-26 17:53:35,29.853,269.1
23-03-26 18:53:35,29.652,0.0
23-03-26 19:53:35,29.752,0.0
23-03-26 20:53:35,29.752,0.0
23-03-26 21:53:35,29.452,0.0
23-03-26 22:53:35,29.652,0.0
23-03-26 23:53:35,29.652,0.0
23-03-27 00:53:35,29.652,0.0
23-03-27 01:53:35,29.452,0.0
23-03-27 02:53:35,29.252,0.0
23-03-27 03:53:35,29.252,0.0
23-03-27 04:53:35,29.252,0.0
23-03-27 05:53:35,29.252,0.0
23-03-27 06:53:35,29.252,1463.9
23-03-27 07:53:35,29.352,2497.2
23-03-27 08:53:35,29.552,5338.9
23-03-27 09:53:35,29.853,13777.9
23-03-27 10:53:35,30.054,20666.8
23-03-27 11:53:35,29.752,12400.1
23-03-27 12:53:35,29.953,20666.8
23-03-27 13:53:35,30.154,22044.6
23-03-27 14:53:35,29.953,8266.7
23-03-27 15:53:35,30.054,7233.4
23-03-27 16:53:35,29.752,2583.4
23-03-27 17:53:35,29.652,247.6
23-03-27 18:53:35,29.552,0.0
23-03-27 19:53:35,29.452,0.0
23-03-27 20:53:35,29.352,0.0
23-03-27 21:53:35,29.452,0.0
23-03-27 22:53:35,29.452,0.0
23-03-27 23:53:35,29.552,0.0
23-03-28 00:53:35,29.352,0.0
23-03-28 01:53:35,29.352,0.0
23-03-28 02:53:35,29.352,0.0
23-03-28 03:53:35,29.252,0.0
23-03-28 04:53:35,29.352,0.0
23-03-28 05:53:35,29.352,0.0
23-03-28 06:53:35,29.352,1377.8
23-03-28 07:53:35,29.452,2755.6
23-03-28 08:53:35,29.652,7233.4
23-03-28 09:53:35,29.853,19977.9
23-03-28 10:53:35,30.054,26178.0
23-03-28 11:53:35,30.054,24800.2
23-03-28 12:53:35,30.154,18600.1
23-03-28 13:53:35,30.154,44089.2
23-03-28 14:53:35,30.054,14466.8
23-03-28 15:53:35,29.953,9644.5
23-03-28 16:53:35,29.552,2497.2
23-03-28 17:53:35,29.452,226.0
23-03-28 18:53:35,29.452,0.0
23-03-28 19:53:35,29.552,0.0
23-03-28 20:53:35,29.552,0.0
23-03-28 21:53:35,29.452,0.0
23-03-28 22:53:35,29.452,0.0
23-03-28 23:53:35,29.352,0.0
23-03-29 00:53:35,29.352,0.0
23-03-29 01:53:35,29.352,0.0
23-03-29 02:53:35,29.252,0.0
23-03-29 03:53:35,29.252,0.0
23-03-29 04:53:35,29.252,0.0
23-03-29 05:53:35,29.252,0.0
23-03-29 06:53:35,29.352,1011.8
23-03-29 07:53:35,29.452,3616.7
23-03-29 08:53:35,29.652,5511.1
23-03-29 09:53:35,29.752,9644.5
23-03-29 10:53:35,29.953,10333.4
23-03-29 11:53:35,30.054,23422.4
23-03-29 12:53:35,30.154,42711.4
23-03-29 13:53:35,30.154,10333.4
23-03-29 14:53:35,30.054,23422.4
23-03-29 15:53:35,29.853,10677.8
23-03-29 16:53:35,29.652,2927.8
23-03-29 17:53:35,29.452,236.8
23-03-29 18:53:35,29.352,0.0
23-03-29 19:53:35,29.352,0.0
23-03-29 20:53:35,29.652,0.0
23-03-29 21:53:35,29.552,0.0
23-03-29 22:53:35,29.752,0.0
23-03-29 23:53:35,29.752,0.0
23-03-30 00:53:35,29.752,0.0
23-03-30 01:53:35,29.752,0.0
23-03-30 02:53:35,29.652,0.0
23-03-30 03:53:35,29.552,0.0
23-03-30 04:53:35,29.452,0.0
23-03-30 05:53:35,29.352,0.0
23-03-30 06:53:35,29.352,1119.5
23-03-30 07:53:35,29.452,2755.6
23-03-30 08:53:35,29.652,5166.7
23-03-30 09:53:35,29.953,12400.1
23-03-30 10:53:35,30.054,24800.2
23-03-30 11:53:35,30.154,16533.4
23-03-30 12:53:35,30.255,23422.4
23-03-30 13:53:35,30.154,14466.8
23-03-30 14:53:35,30.356,14466.8
23-03-30 15:53:35,29.953,7233.4
23-03-30 16:53:35,29.752,2927.8
23-03-30 17:53:35,29.652,183.0
23-03-30 18:53:35,29.853,0.0
23-03-30 19:53:35,29.853,0.0
23-03-30 20:53:35,29.953,0.0
23-03-30 21:53:35,29.953,0.0
23-03-30 22:53:35,29.853,0.0
23-03-30 23:53:35,29.752,0.0
23-03-31 00:53:35,29.752,0.0
23-03-31 01:53:35,29.752,0.0
23-03-31 02:53:35,29.652,0.0
23-03-31 03:53:35,29.552,0.0
23-03-31 04:53:35,29.452,0.0
23-03-31 05:53:35,29.552,0.0
23-03-31 06:53:35,29.552,990.3
23-03-31 07:53:35,29.652,1980.6
23-03-31 08:53:35,29.853,4994.5
23-03-31 09:53:35,29.953,8611.2
23-03-31 10:53:35,30.154,34444.7
23-03-31 11:53:35,30.558,35822.5
23-03-31 12:53:35,30.356,24800.2
23-03-31 13:53:35,30.356,22044.6
23-03-31 14:53:35,30.255,8611.2
23-03-31 15:53:35,30.054,3100.0
23-03-31 16:53:35,29.853,1377.8
23-03-31 17:53:35,30.054,172.2
23-03-31 18:53:35,29.953,0.0
23-03-31 19:53:35,30.054,0.0
23-03-31 20:53:35,29.853,0.0
23-03-31 21:53:35,29.853,0.0
23-03-31 22:53:35,29.853,0.0
23-03-31 23:53:35,29.853,0.0
23-04-01 00:53:35,29.853,0.0
23-04-01 01:53:35,29.752,0.0
23-04-01 02:53:35,29.652,0.0
23-04-01 03:53:35,29.552,0.0
23-04-01 04:53:35,29.552,0.0
23-04-01 05:53:35,29.552,0.0
23-04-01 06:53:35,29.552,731.9
23-04-01 07:53:35,29.652,1463.9
23-04-01 08:53:35,29.752,5511.1
23-04-01 09:53:35,29.853,5338.9
23-04-01 10:53:35,30.154,41333.6
23-04-01 11:53:35,30.255,24800.2
23-04-01 12:53:35,30.255,6200.0
23-04-01 13:53:35,30.356,20666.8
23-04-01 14:53:35,30.659,22044.6
23-04-01 15:53:35,30.054,11022.3
23-04-01 16:53:35,29.853,2669.5
23-04-01 17:53:35,29.953,172.2
23-04-01 18:53:35,29.752,0.0
23-04-01 19:53:35,29.752,0.0
23-04-01 20:53:35,29.752,0.0
23-04-01 21:53:35,29.652,0.0
23-04-01 22:53:35,29.552,0.0
23-04-01 23:53:35,29.452,0.0
23-04-02 00:53:35,29.452,0.0
23-04-02 01:53:35,29.452,0.0
23-04-02 02:53:35,29.452,0.0
23-04-02 03:53:35,29.452,0.0
23-04-02 04:53:35,29.452,0.0
23-04-02 05:53:35,29.452,0.0
23-04-02 06:53:35,29.452,882.6
23-04-02 07:53:35,29.552,2755.6
23-04-02 08:53:35,29.752,8611.2
23-04-02 09:53:35,29.752,8611.2
23-04-02 10:53:35,29.853,11711.2
23-04-02 11:53:35,29.853,10333.4
23-04-02 12:53:35,30.255,28933.5
23-04-02 13:53:35,30.255,12400.1
23-04-02 14:53:35,30.054,8266.7
23-04-02 15:53:35,29.853,6200.0
23-04-02 16:53:35,29.752,2238.9
23-04-02 17:53:35,29.652,183.0
23-04-02 18:53:35,29.652,0.0
23-04-02 19:53:35,29.552,0.0
23-04-02 20:53:35,29.652,0.0
23-04-02 21:53:35,29.552,0.0
23-04-02 22:53:35,29.552,0.0
23-04-02 23:53:35,29.452,0.0
23-04-03 00:53:35,29.452,0.0
23-04-03 01:53:35,29.552,0.0
23-04-03 02:53:35,29.552,0.0
23-04-03 03:53:35,29.452,0.0
23-04-03 04:53:35,29.452,0.0
23-04-03 05:53:35,29.452,0.0
23-04-03 06:53:35,29.452,721.2
23-04-03 07:53:35,29.552,3100.0
23-04-03 08:53:35,29.752,5338.9
23-04-03 09:53:35,29.853,13089.0
23-04-03 10:53:35,30.054,28933.5
23-04-03 11:53:35,30.154,35822.5
23-04-03 12:53:35,30.154,18600.1
23-04-03 13:53:35,30.054,21355.7
23-04-03 14:53:35,30.054,10677.8
23-04-03 15:53:35,29.953,9644.5
23-04-03 16:53:35,30.154,1722.2
23-04-03 17:53:35,29.652,107.6
23-04-03 18:53:35,29.552,0.0
23-04-03 19:53:35,29.552,0.0
23-04-03 20:53:35,29.452,0.0
23-04-03 21:53:35,29.552,0.0
23-04-03 22:53:35,29.552,0.0
23-04-03 23:53:35,29.552,0.0
23-04-04 00:53:35,29.652,0.0
23-04-04 01:53:35,29.652,0.0
23-04-04 02:53:35,29.552,0.0
23-04-04 03:53:35,29.552,0.0
23-04-04 04:53:35,29.552,0.0
23-04-04 05:53:35,29.552,0.0
23-04-04 06:53:35,29.652,1377.8
23-04-04 07:53:35,29.752,3961.1
23-04-04 08:53:35,29.853,6200.0
23-04-04 09:53:35,29.953,9644.5
23-04-04 10:53:35,30.154,23422.4
23-04-04 11:53:35,30.154,13089.0
23-04-04 12:53:35,30.154,6200.0
23-04-04 13:53:35,30.356,60622.6
23-04-04 14:53:35,30.659,10333.4
23-04-04 15:53:35,30.356,9300.1
23-04-04 16:53:35,30.255,3444.5
23-04-04 17:53:35,30.154,107.6
23-04-04 18:53:35,30.054,0.0
23-04-04 19:53:35,30.054,0.0
23-04-04 20:53:35,29.752,0.0
23-04-04 21:53:35,29.752,0.0
23-04-04 22:53:35,29.652,0.0
23-04-04 23:53:35,29.652,0.0
23-04-05 00:53:35,29.552,0.0
23-04-05 01:53:35,29.552,0.0
23-04-05 02:53:35,29.752,0.0
23-04-05 03:53:35,29.853,0.0
23-04-05 04:53:35,29.752,0.0
23-04-05 05:53:35,29.652,0.0
23-04-05 06:53:35,29.652,914.9
23-04-05 07:53:35,29.752,2755.6
23-04-05 08:53:35,29.853,4305.6
23-04-05 09:53:35,29.953,13777.9
23-04-05 10:53:35,30.255,13089.0
23-04-05 11:53:35,30.255,33066.9
23-04-05 12:53:35,30.356,21355.7
23-04-05 13:53:35,30.558,24800.2
23-04-05 14:53:35,30.356,12400.1
23-04-05 15:53:35,30.457,8266.7
23-04-05 16:53:35,30.154,1377.8
23-04-05 17:53:35,29.953,129.2
23-04-05 18:53:35,29.953,0.0
23-04-05 19:53:35,29.953,0.0
23-04-05 20:53:35,29.752,0.0
23-04-05 21:53:35,29.953,0.0
23-04-05 22:53:35,29.853,0.0
23-04-05 23:53:35,29.953,0.0
23-04-06 00:53:35,29.752,0.0
23-04-06 01:53:35,29.652,0.0
23-04-06 02:53:35,29.552,0.0
23-04-06 03:53:35,29.552,0.0
23-04-06 04:53:35,29.552,0.0
23-04-06 05:53:35,29.552,0.0
23-04-06 06:53:35,29.652,678.1
23-04-06 07:53:35,29.752,2669.5
23-04-06 08:53:35,29.752,2755.6
23-04-06 09:53:35,29.853,8266.7
23-04-06 10:53:35,30.154,22044.6
23-04-06 11:53:35,30.154,19977.9
23-04-06 12:53:35,29.953,11711.2
23-04-06 13:53:35,30.154,8266.7
23-04-06 14:53:35,29.853,6544.5
23-04-06 15:53:35,29.853,4650.0
23-04-06 16:53:35,29.752,1291.7
23-04-06 17:53:35,29.652,53.8
23-04-06 18:53:35,29.652,0.0
23-04-06 19:53:35,29.652,0.0
23-04-06 20:53:35,29.652,0.0
23-04-06 21:53:35,29.652,0.0
23-04-06 22:53:35,29.652,0.0
23-04-06 23:53:35,29.652,0.0
23-04-07 00:53:35,29.552,0.0
23-04-07 01:53:35,29.652,0.0
23-04-07 02:53:35,29.652,0.0
23-04-07 03:53:35,29.652,0.0
23-04-07 04:53:35,29.652,0.0
23-04-07 05:53:35,29.652,0.0
23-04-07 06:53:35,29.652,269.1
23-04-07 07:53:35,29.652,1334.7
23-04-07 08:53:35,29.853,4305.6
23-04-07 09:53:35,29.752,3272.2
23-04-07 10:53:35,30.054,30311.3
23-04-07 11:53:35,29.953,5166.7
23-04-07 12:53:35,30.255,10333.4
23-04-07 13:53:35,30.255,26178.0
23-04-07 14:53:35,30.154,17911.2
23-04-07 15:53:35,30.054,5338.9
23-04-07 16:53:35,29.853,1722.2
23-04-07 17:53:35,29.752,64.6
23-04-07 18:53:35,29.752,0.0
23-04-07 19:53:35,29.853,0.0
23-04-07 20:53:35,29.752,0.0
23-04-07 21:53:35,29.652,0.0
23-04-07 22:53:35,29.652,0.0
23-04-07 23:53:35,29.552,0.0
23-04-08 00:53:35,29.652,0.0
23-04-08 01:53:35,29.552,0.0
23-04-08 02:53:35,29.452,0.0
23-04-08 03:53:35,29.452,0.0
23-04-08 04:53:35,29.552,0.0
23-04-08 05:53:35,29.552,0.0
23-04-08 06:53:35,29.552,667.4
23-04-08 07:53:35,29.552,1334.7
23-04-08 08:53:35,29.752,3100.0
23-04-08 09:53:35,29.953,15844.5
23-04-08 10:53:35,29.953,4994.5
23-04-08 11:53:35,29.953,8266.7
23-04-08 12:53:35,29.853,4994.5
23-04-08 13:53:35,29.853,3616.7
23-04-08 14:53:35,29.752,3444.5
23-04-08 15:53:35,29.752,2497.2
23-04-08 16:53:35,29.752,1291.7
23-04-08 17:53:35,29.752,32.3
23-04-08 18:53:35,29.752,0.0
23-04-08 19:53:35,29.652,0.0
23-04-08 20:53:35,29.652,0.0
23-04-08 21:53:35,29.652,0.0
23-04-08 22:53:35,29.552,0.0
23-04-08 23:53:35,29.552,0.0
23-04-09 00:53:35,29.552,0.0
23-04-09 01:53:35,29.452,0.0
23-04-09 02:53:35,29.452,0.0
23-04-09 03:53:35,29.452,0.0
23-04-09 04:53:35,29.452,0.0
23-04-09 05:53:35,29.452,0.0
23-04-09 06:53:35,29.452,688.9
23-04-09 07:53:35,29.552,2755.6
23-04-09 08:53:35,29.652,4994.5
23-04-09 09:53:35,29.752,5511.1
23-04-09 10:53:35,29.752,7577.8
23-04-09 11:53:35,29.752,5166.7
23-04-09 12:53:35,29.752,5511.1
23-04-09 13:53:35,29.752,2755.6
23-04-09 14:53:35,29.652,1636.1
23-04-09 15:53:35,29.752,1377.8
23-04-09 16:53:35,29.652,742.7
23-04-09 17:53:35,29.652,21.5
23-04-09 18:53:35,29.552,0.0
23-04-09 19:53:35,29.552,0.0
23-04-09 20:53:35,29.552,0.0
23-04-09 21:53:35,29.552,0.0
23-04-09 22:53:35,29.552,0.0
23-04-09 23:53:35,29.552,0.0
23-04-10 00:53:35,29.552,0.0
23-04-10 01:53:35,29.552,0.0
23-04-10 02:53:35,29.552,0.0
23-04-10 03:53:35,29.552,0.0
23-04-10 04:53:35,29.552,0.0
23-04-10 05:53:35,29.452,0.0
23-04-10 06:53:35,29.452,807.3
23-04-10 07:53:35,29.552,1237.9
23-04-10 08:53:35,29.652,5166.7
23-04-10 09:53:35,29.752,9300.1
23-04-10 10:53:35,29.953,9644.5
23-04-10 11:53:35,30.054,18600.1
23-04-10 12:53:35,29.953,12400.1
23-04-10 13:53:35,29.752,6200.0
23-04-10 14:53:35,29.752,8266.7
23-04-10 15:53:35,29.652,3961.1
23-04-10 16:53:35,29.652,2238.9
23-04-10 17:53:35,29.552,43.1
23-04-10 18:53:35,29.652,0.0
23-04-10 19:53:35,29.652,0.0
23-04-10 20:53:35,29.652,0.0
23-04-10 21:53:35,29.552,0.0
23-04-10 22:53:35,29.552,0.0
23-04-10 23:53:35,29.452,0.0
23-04-11 00:53:35,29.452,0.0
23-04-11 01:53:35,29.452,0.0
23-04-11 02:53:35,29.452,0.0
23-04-11 03:53:35,29.452,0.0
23-04-11 04:53:35,29.452,0.0
23-04-11 05:53:35,29.452,0.0
23-04-11 06:53:35,29.452,807.3
23-04-11 07:53:35,29.552,3272.2
23-04-11 08:53:35,29.652,5511.1
23-04-11 09:53:35,29.752,12400.1
23-04-11 10:53:35,29.853,16533.4
23-04-11 11:53:35,29.853,19977.9
23-04-11 12:53:35,29.953,28933.5
23-04-11 13:53:35,29.853,14466.8
23-04-11 14:53:35,29.752,11022.3
23-04-11 15:53:35,29.652,4650.0
23-04-11 16:53:35,29.552,1808.3
23-04-11 17:53:35,29.452,32.3
23-04-11 18:53:35,29.652,0.0
23-04-11 19:53:35,29.552,0.0
23-04-11 20:53:35,29.452,0.0
23-04-11 21:53:35,29.452,0.0
23-04-11 22:53:35,29.352,0.0
23-04-11 23:53:35,29.352,0.0
23-04-12 00:53:35,29.352,0.0
23-04-12 01:53:35,29.352,0.0
23-04-12 02:53:35,29.352,0.0
23-04-12 03:53:35,29.352,0.0
23-04-12 04:53:35,29.352,0.0
23-04-12 05:53:35,29.452,0.0
23-04-12 06:53:35,29.452,1141.0
23-04-12 07:53:35,29.552,2497.2
23-04-12 08:53:35,29.652,3100.0
23-04-12 09:53:35,29.652,4477.8
23-04-12 10:53:35,29.853,19289.0
23-04-12 11:53:35,29.853,22044.6
23-04-12 12:53:35,29.652,5166.7
23-04-12 13:53:35,29.853,10677.8
23-04-12 14:53:35,29.552,3616.7
23-04-12 15:53:35,29.552,1980.6
23-04-12 16:53:35,29.452,1980.6
23-04-12 17:53:35,29.452,53.8
23-04-12 18:53:35,29.452,0.0
23-04-12 19:53:35,29.452,0.0
23-04-12 20:53:35,29.452,0.0
23-04-12 21:53:35,29.452,0.0
23-04-12 22:53:35,29.452,0.0
23-04-12 23:53:35,29.452,0.0
23-04-13 00:53:35,29.452,0.0
23-04-13 01:53:35,29.452,0.0
23-04-13 02:53:35,29.452,0.0
23-04-13 03:53:35,29.452,0.0
23-04-13 04:53:35,29.452,0.0
23-04-13 05:53:35,29.452,0.0
23-04-13 06:53:35,29.452,699.7
23-04-13 07:53:35,29.552,2152.8
23-04-13 08:53:35,29.652,4477.8
23-04-13 09:53:35,29.752,9300.1
23-04-13 10:53:35,29.853,20666.8
23-04-13 11:53:35,29.953,28933.5
23-04-13 12:53:35,30.054,17222.3
23-04-13 13:53:35,30.054,24800.2
23-04-13 14:53:35,29.953,15844.5
23-04-13 15:53:35,29.853,11022.3
23-04-13 16:53:35,29.752,3100.0
23-04-13 17:53:35,29.652,64.6
23-04-13 18:53:35,29.652,0.0
23-04-13 19:53:35,29.552,0.0
23-04-13 20:53:35,29.552,0.0
23-04-13 21:53:35,29.552,0.0
23-04-13 22:53:35,29.452,0.0
23-04-13 23:53:35,29.452,0.0
23-04-14 00:53:35,29.352,0.0
23-04-14 01:53:35,29.352,0.0
23-04-14 02:53:35,29.352,0.0
23-04-14 03:53:35,29.352,0.0
23-04-14 04:53:35,29.352,0.0
23-04-14 05:53:35,29.352,0.0
23-04-14 06:53:35,29.352,1194.8
23-04-14 07:53:35,29.452,5166.7
23-04-14 08:53:35,29.452,4650.0
23-04-14 09:53:35,29.552,9644.5
23-04-14 10:53:35,29.752,18600.1
23-04-14 11:53:35,29.953,34444.7
23-04-14 12:53:35,29.752,16533.4
23-04-14 13:53:35,29.552,4650.0
23-04-14 14:53:35,29.452,2066.7
23-04-14 15:53:35,29.552,3100.0
23-04-14 16:53:35,29.452,592.0
23-04-14 17:53:35,29.352,21.5
23-04-14 18:53:35,29.352,0.0
23-04-14 19:53:35,29.352,0.0
23-04-14 20:53:35,29.352,0.0
23-04-14 21:53:35,29.352,0.0
23-04-14 22:53:35,29.352,0.0
23-04-14 23:53:35,29.352,0.0
23-04-15 00:53:35,29.352,0.0
23-04-15 01:53:35,29.352,0.0
23-04-15 02:53:35,29.352,0.0
23-04-15 03:53:35,29.352,0.0
23-04-15 04:53:35,29.352,0.0
23-04-15 05:53:35,29.352,0.0
23-04-15 06:53:35,29.352,828.8
23-04-15 07:53:35,29.352,742.7
23-04-15 08:53:35,29.452,2411.1
23-04-15 09:53:35,29.552,24800.2
23-04-15 10:53:35,29.452,3961.1
23-04-15 11:53:35,29.652,16533.4
23-04-15 12:53:35,29.752,24800.2
23-04-15 13:53:35,29.652,18600.1
23-04-15 14:53:35,29.853,10333.4
23-04-15 15:53:35,29.752,15844.5
23-04-15 16:53:35,29.552,3444.5
23-04-15 17:53:35,29.452,43.1
23-04-15 18:53:35,29.452,0.0
23-04-15 19:53:35,29.452,0.0
23-04-15 20:53:35,29.452,0.0
23-04-15 21:53:35,29.452,0.0
23-04-15 22:53:35,29.352,0.0
23-04-15 23:53:35,29.352,0.0
23-04-16 00:53:35,29.352,0.0
23-04-16 01:53:35,29.352,0.0
23-04-16 02:53:35,29.352,0.0
23-04-16 03:53:35,29.352,0.0
23-04-16 04:53:35,29.352,0.0
23-04-16 05:53:35,29.352,0.0
23-04-16 06:53:35,29.352,1022.6
23-04-16 07:53:35,29.452,3788.9
23-04-16 08:53:35,29.552,6200.0
23-04-16 09:53:35,29.652,16533.4
23-04-16 10:53:35,29.752,24800.2
23-04-16 11:53:35,29.452,3961.1
23-04-16 12:53:35,29.652,18600.1
23-04-16 13:53:35,29.752,34444.7
23-04-16 14:53:35,29.552,11022.3
23-04-16 15:53:35,29.552,11711.2
23-04-16 16:53:35,29.452,2927.8
23-04-16 17:53:35,29.452,43.1
23-04-16 18:53:35,29.452,0.0
23-04-16 19:53:35,29.452,0.0
23-04-16 20:53:35,29.452,0.0
23-04-16 21:53:35,29.452,0.0
23-04-16 22:53:35,29.352,0.0
23-04-16 23:53:35,29.252,0.0
23-04-17 00:53:35,29.252,0.0
23-04-17 01:53:35,29.252,0.0
23-04-17 02:53:35,29.252,0.0
23-04-17 03:53:35,29.252,0.0
23-04-17 04:53:35,29.252,0.0
23-04-17 05:53:35,29.252,0.0
23-04-17 06:53:35,29.252,1130.2
23-04-17 07:53:35,29.352,2755.6
23-04-17 08:53:35,29.452,10677.8
23-04-17 09:53:35,29.552,10677.8
23-04-17 10:53:35,29.652,18600.1
23-04-17 11:53:35,29.652,26178.0
23-04-17 12:53:35,29.752,24800.2
23-04-17 13:53:35,29.652,14466.8
23-04-17 14:53:35,29.552,5166.7
23-04-17 15:53:35,29.452,1636.1
23-04-17 16:53:35,29.452,462.9
23-04-17 17:53:35,29.352,0.0
23-04-17 18:53:35,29.452,0.0
23-04-17 19:53:35,29.452,0.0
23-04-17 20:53:35,29.452,0.0
23-04-17 21:53:35,29.452,0.0
23-04-17 22:53:35,29.452,0.0
23-04-17 23:53:35,29.352,0.0
23-04-18 00:53:35,29.452,0.0
23-04-18 01:53:35,29.352,0.0
23-04-18 02:53:35,29.352,0.0
23-04-18 03:53:35,29.352,0.0
23-04-18 04:53:35,29.352,0.0
23-04-18 05:53:35,29.252,0.0
23-04-18 06:53:35,29.252,1463.9
23-04-18 07:53:35,29.252,1345.5
23-04-18 08:53:35,29.352,3100.0
23-04-18 09:53:35,29.452,5338.9
23-04-18 10:53:35,29.552,12400.1
23-04-18 11:53:35,29.652,24800.2
23-04-18 12:53:35,29.652,17222.3
23-04-18 13:53:35,29.452,8266.7
23-04-18 14:53:35,29.452,4305.6
23-04-18 15:53:35,29.352,2411.1
23-04-18 16:53:35,29.352,656.6
23-04-18 17:53:35,29.352,0.0
23-04-18 18:53:35,29.352,0.0
23-04-18 19:53:35,29.352,0.0
23-04-18 20:53:35,29.352,0.0
23-04-18 21:53:35,29.352,0.0
23-04-18 22:53:35,29.352,0.0
23-04-18 23:53:35,29.352,0.0
23-04-19 00:53:35,29.352,0.0
23-04-19 01:53:35,29.252,0.0
23-04-19 02:53:35,29.252,0.0
23-04-19 03:53:35,29.252,0.0
23-04-19 04:53:35,29.252,0.0
23-04-19 05:53:35,29.252,0.0
23-04-19 06:53:35,29.252,968.8
23-04-19 07:53:35,29.252,3100.0
23-04-19 08:53:35,29.352,6200.0
23-04-19 09:53:35,29.452,12400.1
23-04-19 10:53:35,29.552,19977.9
23-04-19 11:53:35,29.552,6544.5
23-04-19 12:53:35,29.652,23422.4
23-04-19 13:53:35,29.552,10333.4
23-04-19 14:53:35,29.552,8611.2
23-04-19 15:53:35,29.452,3961.1
23-04-19 16:53:35,29.452,2238.9
23-04-19 17:53:35,29.352,10.8
23-04-19 18:53:35,29.352,0.0
23-04-19 19:53:35,29.352,0.0
23-04-19 20:53:35,29.352,0.0
23-04-19 21:53:35,29.352,0.0
23-04-19 22:53:35,29.352,0.0
23-04-19 23:53:35,29.352,0.0
23-04-20 00:53:35,29.352,0.0
23-04-20 01:53:35,29.352,0.0
23-04-20 02:53:35,29.352,0.0
23-04-20 03:53:35,29.252,0.0
23-04-20 04:53:35,29.252,0.0
23-04-20 05:53:35,29.252,0.0
23-04-20 06:53:35,29.252,624.3
23-04-20 07:53:35,29.352,2411.1
23-04-20 08:53:35,29.352,3272.2
23-04-20 09:53:35,29.452,6544.5
23-04-20 10:53:35,29.452,7577.8
23-04-20 11:53:35,29.552,9644.5
23-04-20 12:53:35,29.552,27555.7
23-04-20 13:53:35,29.552,5511.1
23-04-20 14:53:35,29.552,5511.1
23-04-20 15:53:35,29.452,3100.0
23-04-20 16:53:35,29.352,1280.9
23-04-20 17:53:35,29.352,0.0
23-04-20 18:53:35,29.352,0.0
23-04-20 19:53:35,29.352,0.0
23-04-20 20:53:35,29.352,0.0
23-04-20 21:53:35,29.352,0.0
23-04-20 22:53:35,29.352,0.0
23-04-20 23:53:35,29.352,0.0
23-04-21 00:53:35,29.352,0.0
23-04-21 01:53:35,29.352,0.0
23-04-21 02:53:35,29.352,0.0
23-04-21 03:53:35,29.252,0.0
23-04-21 04:53:35,29.252,0.0
23-04-21 05:53:35,29.252,0.0
23-04-21 06:53:35,29.252,312.2
23-04-21 07:53:35,29.252,1550.0
23-04-21 08:53:35,29.252,4650.0
23-04-21 09:53:35,29.352,3961.1
23-04-21 10:53:35,29.452,11022.3
23-04-21 11:53:35,29.452,11022.3
23-04-21 12:53:35,29.552,9300.1
23-04-21 13:53:35,29.552,7233.4
23-04-21 14:53:35,29.452,3272.2
23-04-21 15:53:35,29.452,2755.6
23-04-21 16:53:35,29.352,958.0
23-04-21 17:53:35,29.352,0.0
23-04-21 18:53:35,29.352,0.0
23-04-21 19:53:35,29.352,0.0
23-04-21 20:53:35,29.352,0.0
23-04-21 21:53:35,29.352,0.0
23-04-21 22:53:35,29.252,0.0
23-04-21 23:53:35,29.152,0.0
23-04-22 00:53:35,29.152,0.0
23-04-22 01:53:35,29.152,0.0
23-04-22 02:53:35,29.152,0.0
23-04-22 03:53:35,29.152,0.0
23-04-22 04:53:35,29.152,0.0
23-04-22 05:53:35,29.152,0.0
23-04-22 06:53:35,29.152,430.6
23-04-22 07:53:35,29.152,1808.3
23-04-22 08:53:35,29.252,2583.4
23-04-22 09:53:35,29.352,9644.5
23-04-22 10:53:35,29.252,1324.0
23-04-22 11:53:35,29.252,2755.6
23-04-22 12:53:35,29.352,7233.4
23-04-22 13:53:35,29.352,8611.2
23-04-22 14:53:35,29.352,22044.6
23-04-22 15:53:35,29.352,2927.8
23-04-22 16:53:35,29.252,1205.6
23-04-22 17:53:35,29.252,0.0
23-04-22 18:53:35,29.252,0.0
23-04-22 19:53:35,29.252,0.0
23-04-22 20:53:35,29.252,0.0
23-04-22 21:53:35,29.252,0.0
23-04-22 22:53:35,29.152,0.0
23-04-22 23:53:35,29.252,0.0
23-04-23 00:53:35,29.152,0.0
23-04-23 01:53:35,29.152,0.0
23-04-23 02:53:35,29.152,0.0
23-04-23 03:53:35,29.152,0.0
23-04-23 04:53:35,29.152,0.0
23-04-23 05:53:35,29.152,0.0
23-04-23 06:53:35,29.152,570.5
23-04-23 07:53:35,29.152,559.7
23-04-23 08:53:35,29.252,5338.9
23-04-23 09:53:35,29.152,1980.6
23-04-23 10:53:35,29.252,2583.4
23-04-23 11:53:35,29.252,4477.8
23-04-23 12:53:35,29.252,5166.7
23-04-23 13:53:35,29.252,8266.7
23-04-23 14:53:35,29.152,1808.3
23-04-23 15:53:35,29.252,1324.0
23-04-23 16:53:35,29.152,764.2
23-04-23 17:53:35,29.152,0.0
23-04-23 18:53:35,29.152,0.0
23-04-23 19:53:35,29.152,0.0
23-04-23 20:53:35,29.152,0.0
23-04-23 21:53:35,29.152,0.0
23-04-23 22:53:35,29.152,0.0
23-04-23 23:53:35,29.152,0.0
23-04-24 00:53:35,29.053,0.0
23-04-24 01:53:35,29.053,0.0
23-04-24 02:53:35,29.053,0.0
23-04-24 03:53:35,29.053,0.0
23-04-24 04:53:35,29.053,0.0
23-04-24 05:53:35,29.053,0.0
23-04-24 06:53:35,29.053,247.6
23-04-24 07:53:35,29.053,1377.8
23-04-24 08:53:35,29.152,4994.5
23-04-24 09:53:35,29.152,4133.4
23-04-24 10:53:35,29.352,7577.8
23-04-24 11:53:35,29.352,17222.3
23-04-24 12:53:35,29.352,19977.9
23-04-24 13:53:35,29.252,8266.7
23-04-24 14:53:35,29.252,3961.1
23-04-24 15:53:35,29.152,2152.8
23-04-24 16:53:35,29.152,699.7
23-04-24 17:53:35,29.152,0.0
23-04-24 18:53:35,29.152,0.0
23-04-24 19:53:35,29.152,0.0
23-04-24 20:53:35,29.152,0.0
23-04-24 21:53:35,29.152,0.0
23-04-24 22:53:35,29.152,0.0
23-04-24 23:53:35,29.252,0.0
23-04-25 00:53:35,29.152,0.0
23-04-25 01:53:35,29.152,0.0
23-04-25 02:53:35,29.252,0.0
23-04-25 03:53:35,29.152,0.0
23-04-25 04:53:35,29.152,0.0
23-04-25 05:53:35,29.152,0.0
23-04-25 06:53:35,29.152,624.3
23-04-25 07:53:35,29.152,441.3
23-04-25 08:53:35,29.152,785.8
23-04-25 09:53:35,29.152,2152.8
23-04-25 10:53:35,29.252,3272.2
23-04-25 11:53:35,29.252,5511.1
23-04-25 12:53:35,29.252,5166.7
23-04-25 13:53:35,29.252,5166.7
23-04-25 14:53:35,29.352,18600.1
23-04-25 15:53:35,29.352,2583.4
23-04-25 16:53:35,29.252,3272.2
23-04-25 17:53:35,29.152,0.0
23-04-25 18:53:35,29.152,0.0
23-04-25 19:53:35,29.152,0.0
23-04-25 20:53:35,29.152,0.0
23-04-25 21:53:35,29.152,0.0
23-04-25 22:53:35,29.152,0.0
23-04-25 23:53:35,29.152,0.0
23-04-26 00:53:35,29.053,0.0
23-04-26 01:53:35,29.053,0.0
23-04-26 02:53:35,28.953,0.0
23-04-26 03:53:35,28.953,0.0
23-04-26 04:53:35,28.953,0.0
23-04-26 05:53:35,29.053,0.0
23-04-26 06:53:35,29.053,592.0
23-04-26 07:53:35,29.152,1463.9
23-04-26 08:53:35,29.252,3788.9
23-04-26 09:53:35,29.352,5166.7
23-04-26 10:53:35,29.252,11022.3
23-04-26 11:53:35,29.452,30311.3
23-04-26 12:53:35,29.452,15844.5
23-04-26 13:53:35,29.352,11022.3
23-04-26 14:53:35,29.252,11022.3
23-04-26 15:53:35,29.252,5166.7
23-04-26 16:53:35,29.053,1808.3
23-04-26 17:53:35,29.152,0.0
23-04-26 18:53:35,29.152,0.0
23-04-26 19:53:35,29.053,0.0
23-04-26 20:53:35,29.053,0.0
23-04-26 21:53:35,29.053,0.0
23-04-26 22:53:35,29.053,0.0
23-04-26 23:53:35,29.053,0.0
23-04-27 00:53:35,29.053,0.0
23-04-27 01:53:35,29.053,0.0
23-04-27 02:53:35,29.053,0.0
23-04-27 03:53:35,28.953,0.0
23-04-27 04:53:35,28.953,0.0
23-04-27 05:53:35,28.953,0.0
23-04-27 06:53:35,29.053,484.4
23-04-27 07:53:35,29.152,1141.0
23-04-27 08:53:35,29.252,2411.1
23-04-27 09:53:35,29.352,3100.0
23-04-27 10:53:35,29.352,9644.5
23-04-27 11:53:35,29.452,7233.4
23-04-27 12:53:35,29.452,12400.1
23-04-27 13:53:35,29.452,12400.1
23-04-27 14:53:35,29.352,19289.0
23-04-27 15:53:35,29.352,7577.8
23-04-27 16:53:35,29.552,1463.9
23-04-27 17:53:35,29.452,0.0
23-04-27 18:53:35,29.252,0.0
23-04-27 19:53:35,29.352,0.0
23-04-27 20:53:35,29.352,0.0
23-04-27 21:53:35,29.352,0.0
23-04-27 22:53:35,29.352,0.0
23-04-27 23:53:35,29.352,0.0
23-04-28 00:53:35,29.252,0.0
23-04-28 01:53:35,29.252,0.0
23-04-28 02:53:35,29.252,0.0
23-04-28 03:53:35,29.252,0.0
23-04-28 04:53:35,29.252,0.0
23-04-28 05:53:35,29.252,0.0
23-04-28 06:53:35,29.252,344.4
23-04-28 07:53:35,29.252,871.9
23-04-28 08:53:35,29.352,1894.5
23-04-28 09:53:35,29.452,2755.6
23-04-28 10:53:35,29.452,4994.5
23-04-28 11:53:35,29.552,14466.8
23-04-28 12:53:35,29.552,12400.1
23-04-28 13:53:35,29.452,11022.3
23-04-28 14:53:35,29.552,13777.9
23-04-28 15:53:35,29.352,5338.9
23-04-28 16:53:35,29.652,1248.6
23-04-28 17:53:35,29.552,0.0
23-04-28 18:53:35,29.452,0.0
23-04-28 19:53:35,29.452,0.0
23-04-28 20:53:35,29.452,0.0
23-04-28 21:53:35,29.452,0.0
23-04-28 22:53:35,29.252,0.0
23-04-28 23:53:35,29.252,0.0
23-04-29 00:53:35,29.252,0.0
23-04-29 01:53:35,29.252,0.0
23-04-29 02:53:35,29.152,0.0
23-04-29 03:53:35,29.152,0.0
23-04-29 04:53:35,29.152,0.0
23-04-29 05:53:35,29.152,0.0
23-04-29 06:53:35,29.252,247.6
23-04-29 07:53:35,29.352,807.3
23-04-29 08:53:35,29.352,1259.4
23-04-29 09:53:35,29.452,2066.7
23-04-29 10:53:35,29.552,2583.4
23-04-29 11:53:35,29.552,5511.1
23-04-29 12:53:35,29.452,11022.3
23-04-29 13:53:35,29.352,1550.0
23-04-29 14:53:35,29.452,9300.1
23-04-29 15:53:35,29.352,5166.7
23-04-29 16:53:35,29.452,484.4
23-04-29 17:53:35,29.452,0.0
23-04-29 18:53:35,29.352,0.0
23-04-29 19:53:35,29.452,0.0
23-04-29 20:53:35,29.452,0.0
23-04-29 21:53:35,29.452,0.0
23-04-29 22:53:35,29.452,0.0
23-04-29 23:53:35,29.452,0.0
23-04-30 00:53:35,29.452,0.0
23-04-30 01:53:35,29.352,0.0
23-04-30 02:53:35,29.352,0.0
23-04-30 03:53:35,29.352,0.0
23-04-30 04:53:35,29.352,0.0
23-04-30 05:53:35,29.352,0.0
23-04-30 06:53:35,29.352,215.3
23-04-30 07:53:35,29.352,570.5
23-04-30 08:53:35,29.452,1377.8
23-04-30 09:53:35,29.452,1550.0
23-04-30 10:53:35,29.552,4133.4
23-04-30 11:53:35,29.652,3961.1
23-04-30 12:53:35,29.552,4305.6
23-04-30 13:53:35,29.652,5166.7
23-04-30 14:53:35,29.452,2152.8
23-04-30 15:53:35,29.652,904.2
23-04-30 16:53:35,29.452,32.3
23-04-30 17:53:35,29.652,0.0
23-04-30 18:53:35,29.552,0.0
23-04-30 19:53:35,29.552,0.0
23-04-30 20:53:35,29.452,0.0
23-04-30 21:53:35,29.452,0.0
23-04-30 22:53:35,29.352,0.0
23-04-30 23:53:35,29.252,0.0
23-05-01 00:53:35,29.252,0.0
23-05-01 01:53:35,29.252,0.0
23-05-01 02:53:35,29.352,0.0
23-05-01 03:53:35,29.252,0.0
23-05-01 04:53:35,29.252,0.0
23-05-01 05:53:35,29.152,0.0
23-05-01 06:53:35,29.252,193.8
23-05-01 07:53:35,29.152,247.6
23-05-01 08:53:35,29.152,172.2
23-05-01 09:53:35,29.152,118.4
23-05-01 10:53:35,29.152,269.1
23-05-01 11:53:35,29.252,1636.1
23-05-01 12:53:35,29.252,2411.1
23-05-01 13:53:35,29.252,807.3
23-05-01 14:53:35,29.252,1367.0
23-05-01 15:53:35,29.252,484.4
23-05-01 16:53:35,29.152,247.6
23-05-01 17:53:35,29.152,0.0
23-05-01 18:53:35,29.152,0.0
23-05-01 19:53:35,29.053,0.0
23-05-01 20:53:35,29.053,0.0
23-05-01 21:53:35,29.053,0.0
23-05-01 22:53:35,29.053,0.0
23-05-01 23:53:35,29.053,0.0
23-05-02 00:53:35,29.053,0.0
23-05-02 01:53:35,29.053,0.0
23-05-02 02:53:35,28.953,0.0
23-05-02 03:53:35,28.953,0.0
23-05-02 04:53:35,28.953,0.0
23-05-02 05:53:35,28.953,0.0
23-05-02 06:53:35,29.053,183.0
23-05-02 07:53:35,29.053,441.3
23-05-02 08:53:35,29.152,1324.0
23-05-02 09:53:35,29.152,2325.0
23-05-02 10:53:35,29.152,1722.2
23-05-02 11:53:35,29.352,24800.2
23-05-02 12:53:35,29.352,46844.8
23-05-02 13:53:35,29.352,28933.5
23-05-02 14:53:35,29.452,23422.4
23-05-02 15:53:35,29.352,8266.7
23-05-02 16:53:35,29.152,2238.9
23-05-02 17:53:35,29.053,0.0
23-05-02 18:53:35,29.053,0.0
23-05-02 19:53:35,29.053,0.0
23-05-02 20:53:35,29.053,0.0
23-05-02 21:53:35,29.053,0.0
23-05-02 22:53:35,29.053,0.0
23-05-02 23:53:35,29.053,0.0
23-05-03 00:53:35,29.053,0.0
23-05-03 01:53:35,29.053,0.0
23-05-03 02:53:35,29.053,0.0
23-05-03 03:53:35,29.053,0.0
23-05-03 04:53:35,29.053,0.0
23-05-03 05:53:35,29.053,0.0
23-05-03 06:53:35,29.053,721.2
23-05-03 07:53:35,29.152,2411.1
23-05-03 08:53:35,29.152,5511.1
23-05-03 09:53:35,29.252,24800.2
23-05-03 10:53:35,29.352,22044.6
23-05-03 11:53:35,29.352,30311.3
23-05-03 12:53:35,29.452,37200.2
23-05-03 13:53:35,29.352,26178.0
23-05-03 14:53:35,29.352,16533.4
23-05-03 15:53:35,29.252,3272.2
23-05-03 16:53:35,29.152,1808.3
23-05-03 17:53:35,29.152,0.0
23-05-03 18:53:35,29.053,0.0
23-05-03 19:53:35,29.053,0.0
23-05-03 20:53:35,29.053,0.0
23-05-03 21:53:35,29.053,0.0
23-05-03 22:53:35,29.053,0.0
23-05-03 23:53:35,29.053,0.0
23-05-04 00:53:35,29.053,0.0
23-05-04 01:53:35,28.953,0.0
23-05-04 02:53:35,28.953,0.0
23-05-04 03:53:35,28.953,0.0
23-05-04 04:53:35,28.953,0.0
23-05-04 05:53:35,28.953,0.0
23-05-04 06:53:35,28.953,818.1
23-05-04 07:53:35,29.053,3100.0
23-05-04 08:53:35,29.152,8611.2
23-05-04 09:53:35,29.152,7233.4
23-05-04 10:53:35,29.152,23422.4
23-05-04 11:53:35,29.252,24800.2
23-05-04 12:53:35,29.352,41333.6
23-05-04 13:53:35,29.252,49600.3
23-05-04 14:53:35,29.252,24800.2
23-05-04 15:53:35,29.152,5166.7
23-05-04 16:53:35,29.053,1808.3
23-05-04 17:53:35,29.053,0.0
23-05-04 18:53:35,29.053,0.0
23-05-04 19:53:35,28.953,0.0
23-05-04 20:53:35,28.953,0.0
23-05-04 21:53:35,29.053,0.0
23-05-04 22:53:35,29.053,0.0
23-05-04 23:53:35,29.053,0.0
23-05-05 00:53:35,29.053,0.0
23-05-05 01:53:35,28.953,0.0
23-05-05 02:53:35,28.953,0.0
23-05-05 03:53:35,28.953,0.0
23-05-05 04:53:35,28.953,0.0
23-05-05 05:53:35,28.953,0.0
23-05-05 06:53:35,28.953,871.9
23-05-05 07:53:35,29.053,2497.2
23-05-05 08:53:35,29.053,5166.7
23-05-05 09:53:35,29.152,10677.8
23-05-05 10:53:35,29.252,21355.7
23-05-05 11:53:35,29.252,34444.7
23-05-05 12:53:35,29.252,22044.6
23-05-05 13:53:35,29.252,24800.2
23-05-05 14:53:35,29.252,11711.2
23-05-05 15:53:35,29.152,6544.5
23-05-05 16:53:35,29.053,1463.9
23-05-05 17:53:35,29.053,0.0
23-05-05 18:53:35,28.953,0.0
23-05-05 19:53:35,28.953,0.0
23-05-05 20:53:35,28.953,0.0
23-05-05 21:53:35,28.953,0.0
23-05-05 22:53:35,28.953,0.0
23-05-05 23:53:35,28.953,0.0
23-05-06 00:53:35,28.953,0.0
23-05-06 01:53:35,28.953,0.0
23-05-06 02:53:35,28.953,0.0
23-05-06 03:53:35,28.953,0.0
23-05-06 04:53:35,28.953,0.0
23-05-06 05:53:35,28.953,0.0
23-05-06 06:53:35,28.953,775.0
23-05-06 07:53:35,28.953,3100.0
23-05-06 08:53:35,29.053,4822.3
23-05-06 09:53:35,29.152,16533.4
23-05-06 10:53:35,29.252,22044.6
23-05-06 11:53:35,29.252,24800.2
23-05-06 12:53:35,29.252,26178.0
23-05-06 13:53:35,29.252,22044.6
23-05-06 14:53:35,29.152,11711.2
23-05-06 15:53:35,29.152,8611.2
23-05-06 16:53:35,29.053,2669.5
23-05-06 17:53:35,28.953,0.0
23-05-06 18:53:35,29.053,0.0
23-05-06 19:53:35,29.053,0.0
23-05-06 20:53:35,29.053,0.0
23-05-06 21:53:35,29.053,0.0
23-05-06 22:53:35,29.053,0.0
23-05-06 23:53:35,29.053,0.0
23-05-07 00:53:35,29.053,0.0
23-05-07 01:53:35,28.953,0.0
23-05-07 02:53:35,28.953,0.0
23-05-07 03:53:35,28.953,0.0
23-05-07 04:53:35,28.953,0.0
23-05-07 05:53:35,28.953,0.0
23-05-07 06:53:35,28.953,753.5
23-05-07 07:53:35,28.953,2411.1
23-05-07 08:53:35,29.053,5511.1
23-05-07 09:53:35,29.152,11711.2
23-05-07 10:53:35,29.252,23422.4
23-05-07 11:53:35,29.252,26178.0
23-05-07 12:53:35,29.252,37200.2
23-05-07 13:53:35,29.352,23422.4
23-05-07 14:53:35,29.452,13089.0
23-05-07 15:53:35,29.352,7577.8
23-05-07 16:53:35,29.252,1119.5
23-05-07 17:53:35,29.252,0.0
23-05-07 18:53:35,29.152,0.0
23-05-07 19:53:35,29.152,0.0
23-05-07 20:53:35,29.152,0.0
23-05-07 21:53:35,29.152,0.0
23-05-07 22:53:35,29.152,0.0
23-05-07 23:53:35,29.152,0.0
23-05-08 00:53:35,29.152,0.0
23-05-08 01:53:35,29.152,0.0
23-05-08 02:53:35,29.152,0.0
23-05-08 03:53:35,29.053,0.0
23-05-08 04:53:35,29.053,0.0
23-05-08 05:53:35,29.053,0.0
23-05-08 06:53:35,29.053,236.8
23-05-08 07:53:35,29.053,3616.7
23-05-08 08:53:35,29.152,5166.7
23-05-08 09:53:35,29.152,6200.0
23-05-08 10:53:35,29.352,14466.8
23-05-08 11:53:35,29.352,16533.4
23-05-08 12:53:35,29.252,19289.0
23-05-08 13:53:35,29.252,41333.6
23-05-08 14:53:35,29.152,5166.7
23-05-08 15:53:35,29.152,10333.4
23-05-08 16:53:35,29.152,656.6
23-05-08 17:53:35,29.352,0.0
23-05-08 18:53:35,29.352,0.0
23-05-08 19:53:35,29.452,0.0
23-05-08 20:53:35,29.152,0.0
23-05-08 21:53:35,29.053,0.0
23-05-08 22:53:35,29.053,0.0
23-05-08 23:53:35,29.053,0.0
23-05-09 00:53:35,28.953,0.0
23-05-09 01:53:35,28.953,0.0
23-05-09 02:53:35,28.953,0.0
23-05-09 03:53:35,28.953,0.0
23-05-09 04:53:35,28.953,0.0
23-05-09 05:53:35,28.953,0.0
23-05-09 06:53:35,28.953,570.5
23-05-09 07:53:35,28.953,2927.8
23-05-09 08:53:35,28.953,3100.0
23-05-09 09:53:35,29.152,11711.2
23-05-09 10:53:35,29.152,13777.9
23-05-09 11:53:35,29.252,33066.9
23-05-09 12:53:35,29.252,26178.0
23-05-09 13:53:35,29.252,23422.4
23-05-09 14:53:35,29.053,3444.5
23-05-09 15:53:35,29.152,2927.8
23-05-09 16:53:35,29.053,635.1
23-05-09 17:53:35,28.953,0.0
23-05-09 18:53:35,28.953,0.0
23-05-09 19:53:35,28.953,0.0
23-05-09 20:53:35,28.953,0.0
23-05-09 21:53:35,28.953,0.0
23-05-09 22:53:35,28.953,0.0
23-05-09 23:53:35,28.953,0.0
23-05-10 00:53:35,28.953,0.0
23-05-10 01:53:35,28.953,0.0
23-05-10 02:53:35,28.953,0.0
23-05-10 03:53:35,28.953,0.0
23-05-10 04:53:35,28.953,0.0
23-05-10 05:53:35,28.953,0.0
23-05-10 06:53:35,28.953,742.7
23-05-10 07:53:35,28.953,1808.3
23-05-10 08:53:35,28.953,4133.4
23-05-10 09:53:35,29.053,7233.4
23-05-10 10:53:35,29.053,15155.7
23-05-10 11:53:35,29.152,26178.0
23-05-10 12:53:35,29.252,23422.4
23-05-10 13:53:35,28.953,990.3
23-05-10 14:53:35,28.953,1550.0
23-05-10 15:53:35,28.953,1237.9
23-05-10 16:53:35,28.853,183.0
23-05-10 17:53:35,28.953,0.0
23-05-10 18:53:35,28.953,0.0
23-05-10 19:53:35,28.953,0.0
23-05-10 20:53:35,28.953,0.0
23-05-10 21:53:35,28.953,0.0
23-05-10 22:53:35,28.953,0.0
23-05-10 23:53:35,28.953,0.0
23-05-11 00:53:35,28.853,0.0
23-05-11 01:53:35,28.953,0.0
23-05-11 02:53:35,28.853,0.0
23-05-11 03:53:35,28.853,0.0
23-05-11 04:53:35,28.853,0.0
23-05-11 05:53:35,28.853,0.0
23-05-11 06:53:35,28.853,236.8
23-05-11 07:53:35,28.953,495.1
23-05-11 08:53:35,28.953,925.7
23-05-11 09:53:35,29.053,6200.0
23-05-11 10:53:35,28.953,5166.7
23-05-11 11:53:35,29.152,17911.2
23-05-11 12:53:35,29.152,9644.5
23-05-11 13:53:35,28.953,3788.9
23-05-11 14:53:35,28.953,2927.8
23-05-11 15:53:35,28.953,1356.3
23-05-11 16:53:35,28.853,366.0
23-05-11 17:53:35,28.853,0.0
23-05-11 18:53:35,28.853,0.0
23-05-11 19:53:35,28.853,0.0
23-05-11 20:53:35,28.853,0.0
23-05-11 21:53:35,28.853,0.0
23-05-11 22:53:35,28.853,0.0
23-05-11 23:53:35,28.853,0.0
23-05-12 00:53:35,28.754,0.0
23-05-12 01:53:35,28.754,0.0
23-05-12 02:53:35,28.754,0.0
23-05-12 03:53:35,28.754,0.0
23-05-12 04:53:35,28.754,0.0
23-05-12 05:53:35,28.754,0.0
23-05-12 06:53:35,28.754,495.1
23-05-12 07:53:35,28.754,2411.1
23-05-12 08:53:35,28.853,3616.7
23-05-12 09:53:35,28.953,6200.0
23-05-12 10:53:35,28.953,9300.1
23-05-12 11:53:35,28.953,6200.0
23-05-12 12:53:35,28.953,8266.7
23-05-12 13:53:35,29.053,11711.2
23-05-12 14:53:35,28.953,3961.1
23-05-12 15:53:35,28.953,3100.0
23-05-12 16:53:35,28.953,1001.0
23-05-12 17:53:35,28.853,0.0
23-05-12 18:53:35,28.853,0.0
23-05-12 19:53:35,28.754,0.0
23-05-12 20:53:35,28.754,0.0
23-05-12 21:53:35,28.754,0.0
23-05-12 22:53:35,28.754,0.0
23-05-12 23:53:35,28.754,0.0
23-05-13 00:53:35,28.754,0.0
23-05-13 01:53:35,28.754,0.0
23-05-13 02:53:35,28.754,0.0
23-05-13 03:53:35,28.754,0.0
23-05-13 04:53:35,28.754,0.0
23-05-13 05:53:35,28.754,0.0
23-05-13 06:53:35,28.754,355.2
23-05-13 07:53:35,28.754,1162.5
23-05-13 08:53:35,28.853,3272.2
23-05-13 09:53:35,28.953,7577.8
23-05-13 10:53:35,28.953,9644.5
23-05-13 11:53:35,29.053,12400.1
23-05-13 12:53:35,29.152,24800.2
23-05-13 13:53:35,29.252,10677.8
23-05-13 14:53:35,29.252,7233.4
23-05-13 15:53:35,29.252,2927.8
23-05-13 16:53:35,29.152,1334.7
23-05-13 17:53:35,29.053,0.0
23-05-13 18:53:35,29.053,0.0
23-05-13 19:53:35,29.053,0.0
23-05-13 20:53:35,28.853,0.0
23-05-13 21:53:35,28.853,0.0
23-05-13 22:53:35,28.853,0.0
23-05-13 23:53:35,28.853,0.0
23-05-14 00:53:35,28.754,0.0
23-05-14 01:53:35,28.754,0.0
23-05-14 02:53:35,28.754,0.0
23-05-14 03:53:35,28.754,0.0
23-05-14 04:53:35,28.754,0.0
23-05-14 05:53:35,28.754,0.0
23-05-14 06:53:35,28.853,344.4
23-05-14 07:53:35,28.853,1130.2
23-05-14 08:53:35,28.853,2755.6
23-05-14 09:53:35,28.953,2927.8
23-05-14 10:53:35,29.053,10677.8
23-05-14 11:53:35,29.053,15844.5
23-05-14 12:53:35,29.152,11022.3
23-05-14 13:53:35,29.053,9300.1
23-05-14 14:53:35,29.053,8266.7
23-05-14 15:53:35,29.053,3961.1
23-05-14 16:53:35,29.152,850.4
23-05-14 17:53:35,29.252,0.0
23-05-14 18:53:35,29.152,0.0
23-05-14 19:53:35,29.053,0.0
23-05-14 20:53:35,29.053,0.0
23-05-14 21:53:35,29.053,0.0
23-05-14 22:53:35,29.053,0.0
23-05-14 23:53:35,29.053,0.0
23-05-15 00:53:35,28.953,0.0
23-05-15 01:53:35,28.853,0.0
23-05-15 02:53:35,28.853,0.0
23-05-15 03:53:35,28.853,0.0
23-05-15 04:53:35,28.853,0.0
23-05-15 05:53:35,28.754,0.0
23-05-15 06:53:35,28.853,484.4
23-05-15 07:53:35,28.853,1463.9
23-05-15 08:53:35,28.953,4133.4
23-05-15 09:53:35,29.053,4305.6
23-05-15 10:53:35,29.152,15155.7
23-05-15 11:53:35,29.152,8266.7
23-05-15 12:53:35,29.252,34444.7
23-05-15 13:53:35,29.252,27555.7
23-05-15 14:53:35,29.252,10677.8
23-05-15 15:53:35,29.152,9644.5
23-05-15 16:53:35,29.053,1119.5
23-05-15 17:53:35,29.053,0.0
23-05-15 18:53:35,28.953,0.0
23-05-15 19:53:35,28.853,0.0
23-05-15 20:53:35,28.853,0.0
23-05-15 21:53:35,28.953,0.0
23-05-15 22:53:35,28.853,0.0
23-05-15 23:53:35,28.853,0.0
23-05-16 00:53:35,28.853,0.0
23-05-16 01:53:35,28.853,0.0
23-05-16 02:53:35,28.853,0.0
23-05-16 03:53:35,28.853,0.0
23-05-16 04:53:35,28.853,0.0
23-05-16 05:53:35,28.953,0.0
23-05-16 06:53:35,28.953,419.8
23-05-16 07:53:35,28.953,1216.3
23-05-16 08:53:35,29.053,1722.2
23-05-16 09:53:35,29.053,3788.9
23-05-16 10:53:35,29.152,14466.8
23-05-16 11:53:35,29.152,24800.2
23-05-16 12:53:35,29.152,33066.9
23-05-16 13:53:35,29.152,31689.1
23-05-16 14:53:35,29.152,18600.1
23-05-16 15:53:35,29.053,7233.4
23-05-16 16:53:35,28.953,1237.9
23-05-16 17:53:35,28.853,0.0
23-05-16 18:53:35,29.053,0.0
23-05-16 19:53:35,28.953,0.0
23-05-16 20:53:35,28.953,0.0
23-05-16 21:53:35,28.953,0.0
23-05-16 22:53:35,28.953,0.0
23-05-16 23:53:35,28.953,0.0
23-05-17 00:53:35,28.853,0.0
23-05-17 01:53:35,28.853,0.0
23-05-17 02:53:35,28.853,0.0
23-05-17 03:53:35,28.853,0.0
23-05-17 04:53:35,28.853,0.0
23-05-17 05:53:35,28.853,0.0
23-05-17 06:53:35,28.853,312.2
23-05-17 07:53:35,28.953,1065.6
23-05-17 08:53:35,28.953,2755.6
23-05-17 09:53:35,29.053,3272.2
23-05-17 10:53:35,29.152,7233.4
23-05-17 11:53:35,29.252,15155.7
23-05-17 12:53:35,29.152,22044.6
23-05-17 13:53:35,29.152,19289.0
23-05-17 14:53:35,29.152,13089.0
23-05-17 15:53:35,29.152,9644.5
23-05-17 16:53:35,29.053,1550.0
23-05-17 17:53:35,28.953,0.0
23-05-17 18:53:35,29.053,0.0
23-05-17 19:53:35,29.053,0.0
23-05-17 20:53:35,29.053,0.0
23-05-17 21:53:35,28.953,0.0
23-05-17 22:53:35,28.953,0.0
23-05-17 23:53:35,28.953,0.0
23-05-18 00:53:35,28.953,0.0
23-05-18 01:53:35,28.953,0.0
23-05-18 02:53:35,28.953,0.0
23-05-18 03:53:35,28.953,0.0
23-05-18 04:53:35,28.953,0.0
23-05-18 05:53:35,28.853,0.0
23-05-18 06:53:35,28.953,301.4
23-05-18 07:53:35,28.953,1377.8
23-05-18 08:53:35,28.953,2066.7
23-05-18 09:53:35,28.953,1130.2
23-05-18 10:53:35,28.953,1894.5
23-05-18 11:53:35,29.053,3444.5
23-05-18 12:53:35,29.152,10333.4
23-05-18 13:53:35,29.152,7233.4
23-05-18 14:53:35,29.053,958.0
23-05-18 15:53:35,28.953,635.1
23-05-18 16:53:35,28.953,581.3
23-05-18 17:53:35,28.953,0.0
23-05-18 18:53:35,28.953,0.0
23-05-18 19:53:35,28.953,0.0
23-05-18 20:53:35,28.953,0.0
23-05-18 21:53:35,28.953,0.0
23-05-18 22:53:35,28.953,0.0
23-05-18 23:53:35,28.853,0.0
23-05-19 00:53:35,28.853,0.0
23-05-19 01:53:35,28.853,0.0
23-05-19 02:53:35,28.853,0.0
23-05-19 03:53:35,28.853,0.0
23-05-19 04:53:35,28.853,0.0
23-05-19 05:53:35,28.853,0.0
23-05-19 06:53:35,28.853,204.5
23-05-19 07:53:35,28.853,678.1
23-05-19 08:53:35,28.953,1259.4
23-05-19 09:53:35,29.053,4477.8
23-05-19 10:53:35,29.053,5511.1
23-05-19 11:53:35,29.152,5338.9
23-05-19 12:53:35,29.252,7233.4
23-05-19 13:53:35,29.252,9644.5
23-05-19 14:53:35,29.152,6200.0
23-05-19 15:53:35,29.053,4822.3
23-05-19 16:53:35,28.953,656.6
23-05-19 17:53:35,28.953,0.0
23-05-19 18:53:35,28.953,0.0
23-05-19 19:53:35,28.953,0.0
23-05-19 20:53:35,28.953,0.0
23-05-19 21:53:35,28.953,0.0
23-05-19 22:53:35,28.953,0.0
23-05-19 23:53:35,28.953,0.0
23-05-20 00:53:35,28.953,0.0
23-05-20 01:53:35,28.953,0.0
23-05-20 02:53:35,28.953,0.0
23-05-20 03:53:35,28.953,0.0
23-05-20 04:53:35,28.953,0.0
23-05-20 05:53:35,28.953,0.0
23-05-20 06:53:35,28.953,344.4
23-05-20 07:53:35,28.953,484.4
23-05-20 08:53:35,29.053,1141.0
23-05-20 09:53:35,29.053,1894.5
23-05-20 10:53:35,29.152,2238.9
23-05-20 11:53:35,29.152,5166.7
23-05-20 12:53:35,29.252,7233.4
23-05-20 13:53:35,29.352,7233.4
23-05-20 14:53:35,29.152,4133.4
23-05-20 15:53:35,29.252,3788.9
23-05-20 16:53:35,29.352,1377.8
23-05-20 17:53:35,29.252,0.0
23-05-20 18:53:35,29.252,0.0
23-05-20 19:53:35,29.053,0.0
23-05-20 20:53:35,28.953,0.0
23-05-20 21:53:35,28.953,0.0
23-05-20 22:53:35,28.953,0.0
23-05-20 23:53:35,29.053,0.0
23-05-21 00:53:35,28.953,0.0
23-05-21 01:53:35,28.953,0.0
23-05-21 02:53:35,28.853,0.0
23-05-21 03:53:35,28.953,0.0
23-05-21 04:53:35,28.953,0.0
23-05-21 05:53:35,28.953,0.0
23-05-21 06:53:35,28.953,322.9
23-05-21 07:53:35,29.053,807.3
23-05-21 08:53:35,29.053,1130.2
23-05-21 09:53:35,29.053,1377.8
23-05-21 10:53:35,29.152,6544.5
23-05-21 11:53:35,29.252,6544.5
23-05-21 12:53:35,29.152,1636.1
23-05-21 13:53:35,29.252,9644.5
23-05-21 14:53:35,29.352,13089.0
23-05-21 15:53:35,29.552,4305.6
23-05-21 16:53:35,29.053,667.4
23-05-21 17:53:35,29.152,0.0
23-05-21 18:53:35,29.152,0.0
23-05-21 19:53:35,29.252,0.0
23-05-21 20:53:35,29.352,0.0
23-05-21 21:53:35,29.252,0.0
23-05-21 22:53:35,29.252,0.0
23-05-21 23:53:35,29.152,0.0
23-05-22 00:53:35,29.053,0.0
23-05-22 01:53:35,28.953,0.0
23-05-22 02:53:35,29.053,0.0
23-05-22 03:53:35,29.053,0.0
23-05-22 04:53:35,28.953,0.0
23-05-22 05:53:35,28.953,0.0
23-05-22 06:53:35,28.953,204.5
23-05-22 07:53:35,28.953,516.7
23-05-22 08:53:35,29.053,1356.3
23-05-22 09:53:35,29.252,3444.5
23-05-22 10:53:35,29.252,4994.5
23-05-22 11:53:35,29.152,6200.0
23-05-22 12:53:35,29.252,5166.7
23-05-22 13:53:35,29.252,6544.5
23-05-22 14:53:35,29.252,6200.0
23-05-22 15:53:35,29.053,2411.1
23-05-22 16:53:35,28.953,204.5
23-05-22 17:53:35,28.953,0.0
23-05-22 18:53:35,28.953,0.0
23-05-22 19:53:35,28.953,0.0
23-05-22 20:53:35,28.953,0.0
23-05-22 21:53:35,28.953,0.0
23-05-22 22:53:35,28.853,0.0
23-05-22 23:53:35,28.853,0.0
23-05-23 00:53:35,28.853,0.0
23-05-23 01:53:35,28.853,0.0
23-05-23 02:53:35,28.953,0.0
23-05-23 03:53:35,28.953,0.0
23-05-23 04:53:35,28.853,0.0
23-05-23 05:53:35,28.853,0.0
23-05-23 06:53:35,28.853,107.6
23-05-23 07:53:35,28.953,527.4
23-05-23 08:53:35,29.053,1033.3
23-05-23 09:53:35,29.053,1722.2
23-05-23 10:53:35,29.152,2411.1
23-05-23 11:53:35,29.152,3272.2
23-05-23 12:53:35,29.152,3961.1
23-05-23 13:53:35,29.053,2755.6
23-05-23 14:53:35,29.152,2755.6
23-05-23 15:53:35,29.053,559.7
23-05-23 16:53:35,28.953,376.7
23-05-23 17:53:35,28.853,0.0
23-05-23 18:53:35,28.853,0.0
23-05-23 19:53:35,28.853,0.0
23-05-23 20:53:35,28.853,0.0
23-05-23 21:53:35,28.853,0.0
23-05-23 22:53:35,28.853,0.0
23-05-23 23:53:35,28.853,0.0
23-05-24 00:53:35,28.853,0.0
23-05-24 01:53:35,28.853,0.0
23-05-24 02:53:35,28.853,0.0
23-05-24 03:53:35,28.853,0.0
23-05-24 04:53:35,28.853,0.0
23-05-24 05:53:35,28.754,0.0
23-05-24 06:53:35,28.853,32.3
23-05-24 07:53:35,28.853,322.9
23-05-24 08:53:35,28.953,710.4
23-05-24 09:53:35,28.953,1001.0
23-05-24 10:53:35,29.053,1808.3
23-05-24 11:53:35,29.152,2152.8
23-05-24 12:53:35,29.152,5166.7
23-05-24 13:53:35,29.252,11022.3
23-05-24 14:53:35,29.252,2927.8
23-05-24 15:53:35,29.152,2238.9
23-05-24 16:53:35,29.152,247.6
23-05-24 17:53:35,29.053,0.0
23-05-24 18:53:35,28.953,0.0
23-05-24 19:53:35,28.953,0.0
23-05-24 20:53:35,28.853,0.0
23-05-24 21:53:35,28.853,0.0
23-05-24 22:53:35,28.853,0.0
23-05-24 23:53:35,28.853,0.0
23-05-25 00:53:35,28.853,0.0
23-05-25 01:53:35,28.754,0.0
23-05-25 02:53:35,28.853,0.0
23-05-25 03:53:35,28.754,0.0
23-05-25 04:53:35,28.853,0.0
23-05-25 05:53:35,28.853,0.0
23-05-25 06:53:35,28.754,32.3
23-05-25 07:53:35,28.853,290.6
23-05-25 08:53:35,28.953,247.6
23-05-25 09:53:35,28.953,731.9
23-05-25 10:53:35,29.053,925.7
23-05-25 11:53:35,29.053,1722.2
23-05-25 12:53:35,29.053,2066.7
23-05-25 13:53:35,29.152,990.3
23-05-25 14:53:35,29.152,1184.0
23-05-25 15:53:35,29.152,1636.1
23-05-25 16:53:35,28.953,53.8
23-05-25 17:53:35,28.953,0.0
23-05-25 18:53:35,28.953,0.0
23-05-25 19:53:35,28.953,0.0
23-05-25 20:53:35,28.953,0.0
23-05-25 21:53:35,28.953,0.0
23-05-25 22:53:35,28.953,0.0
23-05-25 23:53:35,28.853,0.0
23-05-26 00:53:35,28.853,0.0
23-05-26 01:53:35,28.853,0.0
23-05-26 02:53:35,28.853,0.0
23-05-26 03:53:35,28.853,0.0
23-05-26 04:53:35,28.853,0.0
23-05-26 05:53:35,28.853,0.0
23-05-26 06:53:35,28.754,32.3
23-05-26 07:53:35,28.853,118.4
23-05-26 08:53:35,28.853,376.7
23-05-26 09:53:35,28.953,807.3
23-05-26 10:53:35,29.053,1248.6
23-05-26 11:53:35,29.053,678.1
23-05-26 12:53:35,29.152,3961.1
23-05-26 13:53:35,28.953,2583.4
23-05-26 14:53:35,28.953,570.5
23-05-26 15:53:35,29.053,183.0
23-05-26 16:53:35,29.053,75.3
23-05-26 17:53:35,28.953,0.0
23-05-26 18:53:35,28.853,0.0
23-05-26 19:53:35,28.953,0.0
23-05-26 20:53:35,28.953,0.0
23-05-26 21:53:35,28.853,0.0
23-05-26 22:53:35,28.853,0.0
23-05-26 23:53:35,28.853,0.0
23-05-27 00:53:35,28.853,0.0
23-05-27 01:53:35,28.853,0.0
23-05-27 02:53:35,28.853,0.0
23-05-27 03:53:35,28.853,0.0
23-05-27 04:53:35,28.754,0.0
23-05-27 05:53:35,28.754,0.0
23-05-27 06:53:35,28.754,118.4
23-05-27 07:53:35,28.853,527.4
23-05-27 08:53:35,28.853,731.9
23-05-27 09:53:35,28.953,2066.7
23-05-27 10:53:35,29.053,2325.0
23-05-27 11:53:35,29.053,5166.7
23-05-27 12:53:35,29.053,1636.1
23-05-27 13:53:35,29.152,764.2
23-05-27 14:53:35,29.053,1894.5
23-05-27 15:53:35,29.053,914.9
23-05-27 16:53:35,28.953,226.0
23-05-27 17:53:35,28.853,0.0
23-05-27 18:53:35,28.953,0.0
23-05-27 19:53:35,28.953,0.0
23-05-27 20:53:35,28.853,0.0
23-05-27 21:53:35,28.853,0.0
23-05-27 22:53:35,28.853,0.0
23-05-27 23:53:35,28.853,0.0
23-05-28 00:53:35,28.853,0.0
23-05-28 01:53:35,28.853,0.0
23-05-28 02:53:35,28.853,0.0
23-05-28 03:53:35,28.853,0.0
23-05-28 04:53:35,28.754,0.0
23-05-28 05:53:35,28.853,0.0
23-05-28 06:53:35,28.853,107.6
23-05-28 07:53:35,28.853,850.4
23-05-28 08:53:35,28.953,1808.3
23-05-28 09:53:35,28.953,1377.8
23-05-28 10:53:35,29.053,2583.4
23-05-28 11:53:35,29.053,5511.1
23-05-28 12:53:35,29.053,4305.6
23-05-28 13:53:35,29.053,3961.1
23-05-28 14:53:35,28.953,1808.3
23-05-28 15:53:35,28.953,1054.9
23-05-28 16:53:35,28.953,183.0
23-05-28 17:53:35,28.853,0.0
23-05-28 18:53:35,28.853,0.0
23-05-28 19:53:35,28.853,0.0
23-05-28 20:53:35,28.754,0.0
23-05-28 21:53:35,28.754,0.0
23-05-28 22:53:35,28.754,0.0
23-05-28 23:53:35,28.754,0.0
23-05-29 00:53:35,28.754,0.0
23-05-29 01:53:35,28.754,0.0
23-05-29 02:53:35,28.754,0.0
23-05-29 03:53:35,28.655,0.0
23-05-29 04:53:35,28.655,0.0
23-05-29 05:53:35,28.655,0.0
23-05-29 06:53:35,28.655,118.4
23-05-29 07:53:35,28.655,409.0
23-05-29 08:53:35,28.754,828.8
23-05-29 09:53:35,28.754,775.0
23-05-29 10:53:35,28.853,1356.3
23-05-29 11:53:35,28.853,3444.5
23-05-29 12:53:35,28.754,1377.8
23-05-29 13:53:35,28.655,452.1
23-05-29 14:53:35,28.655,441.3
23-05-29 15:53:35,28.655,850.4
23-05-29 16:53:35,28.555,215.3
23-05-29 17:53:35,28.555,0.0
23-05-29 18:53:35,28.555,0.0
23-05-29 19:53:35,28.655,0.0
23-05-29 20:53:35,28.555,0.0
23-05-29 21:53:35,28.555,0.0
23-05-29 22:53:35,28.555,0.0
23-05-29 23:53:35,28.555,0.0
23-05-30 00:53:35,28.555,0.0
23-05-30 01:53:35,28.555,0.0
23-05-30 02:53:35,28.555,0.0
23-05-30 03:53:35,28.456,0.0
23-05-30 04:53:35,28.456,0.0
23-05-30 05:53:35,28.555,0.0
23-05-30 06:53:35,28.555,64.6
23-05-30 07:53:35,28.456,129.2
23-05-30 08:53:35,28.555,419.8
23-05-30 09:53:35,28.555,505.9
23-05-30 10:53:35,28.655,2066.7
23-05-30 11:53:35,28.754,7577.8
23-05-30 12:53:35,28.853,5338.9
23-05-30 13:53:35,28.754,3444.5
23-05-30 14:53:35,28.555,893.4
23-05-30 15:53:35,28.555,107.6
23-05-30 16:53:35,28.456,53.8
23-05-30 17:53:35,28.456,0.0
23-05-30 18:53:35,28.456,0.0
23-05-30 19:53:35,28.456,0.0
23-05-30 20:53:35,28.456,0.0
23-05-30 21:53:35,28.357,0.0
23-05-30 22:53:35,28.357,0.0
23-05-30 23:53:35,28.357,0.0
23-05-31 00:53:35,28.357,0.0
23-05-31 01:53:35,28.258,0.0
23-05-31 02:53:35,28.159,0.0
23-05-31 03:53:35,28.159,0.0
23-05-31 04:53:35,28.060,0.0
23-05-31 05:53:35,27.961,0.0
23-05-31 06:53:35,27.961,118.4
23-05-31 07:53:35,28.060,624.3
23-05-31 08:53:35,28.258,1216.3
23-05-31 09:53:35,28.258,1463.9
23-05-31 10:53:35,28.357,2755.6
23-05-31 11:53:35,28.357,3100.0
23-05-31 12:53:35,28.555,3961.1
23-05-31 13:53:35,28.555,5511.1
23-05-31 14:53:35,28.456,2583.4
23-05-31 15:53:35,28.357,1377.8
23-05-31 16:53:35,28.258,107.6
23-05-31 17:53:35,28.258,0.0
23-05-31 18:53:35,28.159,0.0
23-05-31 19:53:35,28.258,0.0
23-05-31 20:53:35,28.159,0.0
23-05-31 21:53:35,28.159,0.0
23-05-31 22:53:35,28.258,0.0
23-05-31 23:53:35,28.159,0.0
23-06-01 00:53:35,28.159,0.0
23-06-01 01:53:35,28.159,0.0
23-06-01 02:53:35,28.159,0.0
23-06-01 03:53:35,28.159,0.0
23-06-01 04:53:35,28.159,0.0
23-06-01 05:53:35,28.159,0.0
23-06-01 06:53:35,28.159,150.7
23-06-01 07:53:35,28.258,699.7
23-06-01 08:53:35,28.357,2238.9
23-06-01 09:53:35,28.357,3100.0
23-06-01 10:53:35,28.456,18600.1
23-06-01 11:53:35,28.555,13777.9
23-06-01 12:53:35,28.655,8611.2
23-06-01 13:53:35,28.655,7233.4
23-06-01 14:53:35,28.555,5338.9
23-06-01 15:53:35,28.456,1463.9
23-06-01 16:53:35,28.357,269.1
23-06-01 17:53:35,28.258,0.0
23-06-01 18:53:35,28.258,0.0
23-06-01 19:53:35,28.258,0.0
23-06-01 20:53:35,28.258,0.0
23-06-01 21:53:35,28.258,0.0
23-06-01 22:53:35,28.258,0.0
23-06-01 23:53:35,28.159,0.0
23-06-02 00:53:35,28.159,0.0
23-06-02 01:53:35,28.159,0.0
23-06-02 02:53:35,28.159,0.0
23-06-02 03:53:35,28.159,0.0
23-06-02 04:53:35,28.159,0.0
23-06-02 05:53:35,28.159,0.0
23-06-02 06:53:35,28.159,215.3
23-06-02 07:53:35,28.258,1270.1
23-06-02 08:53:35,28.258,2238.9
23-06-02 09:53:35,28.456,2755.6
23-06-02 10:53:35,28.456,1894.5
23-06-02 11:53:35,28.456,7577.8
23-06-02 12:53:35,28.456,3616.7
23-06-02 13:53:35,28.655,11711.2
23-06-02 14:53:35,28.456,850.4
23-06-02 15:53:35,28.555,2066.7
23-06-02 16:53:35,28.357,376.7
23-06-02 17:53:35,28.258,0.0
23-06-02 18:53:35,28.258,0.0
23-06-02 19:53:35,28.258,0.0
23-06-02 20:53:35,28.258,0.0
23-06-02 21:53:35,28.258,0.0
23-06-02 22:53:35,28.159,0.0
23-06-02 23:53:35,28.159,0.0
23-06-03 00:53:35,28.159,0.0
23-06-03 01:53:35,28.159,0.0
23-06-03 02:53:35,28.159,0.0
23-06-03 03:53:35,28.159,0.0
23-06-03 04:53:35,28.159,0.0
23-06-03 05:53:35,28.159,0.0
23-06-03 06:53:35,28.159,96.9
23-06-03 07:53:35,28.159,1808.3
23-06-03 08:53:35,28.258,2238.9
23-06-03 09:53:35,28.258,3616.7
23-06-03 10:53:35,28.357,5511.1
23-06-03 11:53:35,28.456,4133.4
23-06-03 12:53:35,28.555,2583.4
23-06-03 13:53:35,28.555,5166.7
23-06-03 14:53:35,28.555,3272.2
23-06-03 15:53:35,28.456,1463.9
23-06-03 16:53:35,28.258,258.3
23-06-03 17:53:35,28.258,0.0
23-06-03 18:53:35,28.159,0.0
23-06-03 19:53:35,28.159,0.0
23-06-03 20:53:35,28.159,0.0
23-06-03 21:53:35,28.159,0.0
23-06-03 22:53:35,28.159,0.0
23-06-03 23:53:35,28.060,0.0
23-06-04 00:53:35,28.060,0.0
23-06-04 01:53:35,28.060,0.0
23-06-04 02:53:35,28.060,0.0
23-06-04 03:53:35,28.060,0.0
23-06-04 04:53:35,28.060,0.0
23-06-04 05:53:35,28.060,0.0
23-06-04 06:53:35,28.060,236.8
23-06-04 07:53:35,28.060,1550.0
23-06-04 08:53:35,28.258,2669.5
23-06-04 09:53:35,28.357,2152.8
23-06-04 10:53:35,28.357,18600.1
23-06-04 11:53:35,28.456,2927.8
23-06-04 12:53:35,28.456,11711.2
23-06-04 13:53:35,28.555,4994.5
23-06-04 14:53:35,28.456,2755.6
23-06-04 15:53:35,28.456,871.9
23-06-04 16:53:35,28.357,204.5
23-06-04 17:53:35,28.258,0.0
23-06-04 18:53:35,28.258,0.0
23-06-04 19:53:35,28.258,0.0
23-06-04 20:53:35,28.159,0.0
23-06-04 21:53:35,28.060,0.0
23-06-04 22:53:35,28.060,0.0
23-06-04 23:53:35,28.159,0.0
23-06-05 00:53:35,28.159,0.0
23-06-05 01:53:35,28.159,0.0
23-06-05 02:53:35,28.159,0.0
23-06-05 03:53:35,28.159,0.0
23-06-05 04:53:35,28.159,0.0
23-06-05 05:53:35,28.159,0.0
23-06-05 06:53:35,28.159,269.1
23-06-05 07:53:35,28.258,1636.1
23-06-05 08:53:35,28.357,936.5
23-06-05 09:53:35,28.357,1808.3
23-06-05 10:53:35,28.456,8266.7
23-06-05 11:53:35,28.555,1151.7
23-06-05 12:53:35,28.555,1894.5
23-06-05 13:53:35,28.456,1291.7
23-06-05 14:53:35,28.357,775.0
23-06-05 15:53:35,28.258,258.3
23-06-05 16:53:35,28.258,107.6
23-06-05 17:53:35,28.159,0.0
23-06-05 18:53:35,28.159,0.0
23-06-05 19:53:35,28.159,0.0
23-06-05 20:53:35,28.159,0.0
23-06-05 21:53:35,28.159,0.0
23-06-05 22:53:35,28.258,0.0
23-06-05 23:53:35,28.258,0.0
23-06-06 00:53:35,28.159,0.0
23-06-06 01:53:35,28.159,0.0
23-06-06 02:53:35,28.159,0.0
23-06-06 03:53:35,28.159,0.0
23-06-06 04:53:35,28.159,0.0
23-06-06 05:53:35,28.159,0.0
23-06-06 06:53:35,28.159,193.8
23-06-06 07:53:35,28.258,721.2
23-06-06 08:53:35,28.258,3272.2
23-06-06 09:53:35,28.357,882.6
23-06-06 10:53:35,28.456,3272.2
23-06-06 11:53:35,28.555,1550.0
23-06-06 12:53:35,28.357,1173.3
23-06-06 13:53:35,28.456,3444.5
23-06-06 14:53:35,28.357,269.1
23-06-06 15:53:35,28.357,301.4
23-06-06 16:53:35,28.258,290.6
23-06-06 17:53:35,28.159,0.0
23-06-06 18:53:35,28.159,0.0
23-06-06 19:53:35,28.159,0.0
23-06-06 20:53:35,28.159,0.0
23-06-06 21:53:35,28.159,0.0
23-06-06 22:53:35,28.159,0.0
23-06-06 23:53:35,28.159,0.0
23-06-07 00:53:35,28.258,0.0
23-06-07 01:53:35,28.159,0.0
23-06-07 02:53:35,28.159,0.0
23-06-07 03:53:35,28.159,0.0
23-06-07 04:53:35,28.159,0.0
23-06-07 05:53:35,28.060,0.0
23-06-07 06:53:35,28.159,86.1
23-06-07 07:53:35,28.159,1237.9
23-06-07 08:53:35,28.258,656.6
23-06-07 09:53:35,28.357,1119.5
23-06-07 10:53:35,28.357,7233.4
23-06-07 11:53:35,28.456,3961.1
23-06-07 12:53:35,28.456,6200.0
23-06-07 13:53:35,28.456,4133.4
23-06-07 14:53:35,28.258,226.0
23-06-07 15:53:35,28.258,204.5
23-06-07 16:53:35,28.159,64.6
23-06-07 17:53:35,28.060,0.0
23-06-07 18:53:35,28.159,0.0
23-06-07 19:53:35,28.060,0.0
23-06-07 20:53:35,28.060,0.0
23-06-07 21:53:35,28.060,0.0
23-06-07 22:53:35,28.060,0.0
23-06-07 23:53:35,28.060,0.0
23-06-08 00:53:35,28.060,0.0
23-06-08 01:53:35,28.060,0.0
23-06-08 02:53:35,28.060,0.0
23-06-08 03:53:35,27.961,0.0
23-06-08 04:53:35,27.961,0.0
23-06-08 05:53:35,27.961,0.0
23-06-08 06:53:35,27.961,53.8
23-06-08 07:53:35,28.060,161.5
23-06-08 08:53:35,28.159,2583.4
23-06-08 09:53:35,28.159,1377.8
23-06-08 10:53:35,28.258,1011.8
23-06-08 11:53:35,28.258,871.9
23-06-08 12:53:35,28.258,1377.8
23-06-08 13:53:35,28.258,1636.1
23-06-08 14:53:35,28.258,4305.6
23-06-08 15:53:35,28.159,462.9
23-06-08 16:53:35,28.060,193.8
23-06-08 17:53:35,27.961,0.0
23-06-08 18:53:35,27.961,0.0
23-06-08 19:53:35,27.961,0.0
23-06-08 20:53:35,27.961,0.0
23-06-08 21:53:35,27.961,0.0
23-06-08 22:53:35,27.961,0.0
23-06-08 23:53:35,27.961,0.0
23-06-09 00:53:35,27.961,0.0
23-06-09 01:53:35,27.961,0.0
23-06-09 02:53:35,27.961,0.0
23-06-09 03:53:35,27.961,0.0
23-06-09 04:53:35,27.961,0.0
23-06-09 05:53:35,27.862,0.0
23-06-09 06:53:35,27.862,139.9
23-06-09 07:53:35,27.961,1162.5
23-06-09 08:53:35,27.961,3100.0
23-06-09 09:53:35,28.159,1463.9
23-06-09 10:53:35,28.258,3272.2
23-06-09 11:53:35,28.357,5338.9
23-06-09 12:53:35,28.258,5511.1
23-06-09 13:53:35,28.258,3100.0
23-06-09 14:53:35,28.159,2497.2
23-06-09 15:53:35,28.060,1173.3
23-06-09 16:53:35,27.961,258.3
23-06-09 17:53:35,27.961,0.0
23-06-09 18:53:35,27.961,0.0
23-06-09 19:53:35,27.862,0.0
23-06-09 20:53:35,27.862,0.0
23-06-09 21:53:35,27.862,0.0
23-06-09 22:53:35,27.862,0.0
23-06-09 23:53:35,27.862,0.0
23-06-10 00:53:35,27.862,0.0
23-06-10 01:53:35,27.862,0.0
23-06-10 02:53:35,27.862,0.0
23-06-10 03:53:35,27.862,0.0
23-06-10 04:53:35,27.862,0.0
23-06-10 05:53:35,27.862,0.0
23-06-10 06:53:35,27.862,64.6
23-06-10 07:53:35,27.862,193.8
23-06-10 08:53:35,27.961,850.4
23-06-10 09:53:35,28.060,1377.8
23-06-10 10:53:35,28.159,2927.8
23-06-10 11:53:35,28.258,4305.6
23-06-10 12:53:35,28.357,5166.7
23-06-10 13:53:35,28.258,3100.0
23-06-10 14:53:35,28.159,2325.0
23-06-10 15:53:35,28.060,1076.4
23-06-10 16:53:35,27.961,236.8
23-06-10 17:53:35,27.862,0.0
23-06-10 18:53:35,27.862,0.0
23-06-10 19:53:35,27.862,0.0
23-06-10 20:53:35,27.862,0.0
23-06-10 21:53:35,27.862,0.0
23-06-10 22:53:35,27.862,0.0
23-06-10 23:53:35,27.862,0.0
23-06-11 00:53:35,27.862,0.0
23-06-11 01:53:35,27.862,0.0
23-06-11 02:53:35,27.862,0.0
23-06-11 03:53:35,27.862,0.0
23-06-11 04:53:35,27.862,0.0
23-06-11 05:53:35,27.764,0.0
23-06-11 06:53:35,27.862,96.9
23-06-11 07:53:35,27.862,1463.9
23-06-11 08:53:35,27.961,2325.0
23-06-11 09:53:35,28.060,4133.4
23-06-11 10:53:35,28.159,6544.5
23-06-11 11:53:35,28.159,3616.7
23-06-11 12:53:35,28.159,1550.0
23-06-11 13:53:35,28.060,1291.7
23-06-11 14:53:35,28.159,1894.5
23-06-11 15:53:35,28.060,807.3
23-06-11 16:53:35,27.961,236.8
23-06-11 17:53:35,27.862,0.0
23-06-11 18:53:35,27.862,0.0
23-06-11 19:53:35,27.862,0.0
23-06-11 20:53:35,27.862,0.0
23-06-11 21:53:35,27.862,0.0
23-06-11 22:53:35,27.862,0.0
23-06-11 23:53:35,27.862,0.0
23-06-12 00:53:35,27.862,0.0
23-06-12 01:53:35,27.862,0.0
23-06-12 02:53:35,27.862,0.0
23-06-12 03:53:35,27.764,0.0
23-06-12 04:53:35,27.764,0.0
23-06-12 05:53:35,27.764,0.0
23-06-12 06:53:35,27.764,107.6
23-06-12 07:53:35,27.862,731.9
23-06-12 08:53:35,27.862,1302.4
23-06-12 09:53:35,27.862,1205.6
23-06-12 10:53:35,28.060,3616.7
23-06-12 11:53:35,28.159,3616.7
23-06-12 12:53:35,28.060,2669.5
23-06-12 13:53:35,28.159,2583.4
23-06-12 14:53:35,28.060,1550.0
23-06-12 15:53:35,27.961,742.7
23-06-12 16:53:35,27.862,183.0
23-06-12 17:53:35,27.862,0.0
23-06-12 18:53:35,27.862,0.0
23-06-12 19:53:35,27.764,0.0
23-06-12 20:53:35,27.764,0.0
23-06-12 21:53:35,27.764,0.0
23-06-12 22:53:35,27.764,0.0
23-06-12 23:53:35,27.764,0.0
23-06-13 00:53:35,27.764,0.0
23-06-13 01:53:35,27.764,0.0
23-06-13 02:53:35,27.764,0.0
23-06-13 03:53:35,27.764,0.0
23-06-13 04:53:35,27.764,0.0
23-06-13 05:53:35,27.665,0.0
23-06-13 06:53:35,27.665,21.5
23-06-13 07:53:35,27.764,290.6
23-06-13 08:53:35,27.764,850.4
23-06-13 09:53:35,27.862,538.2
23-06-13 10:53:35,27.961,592.0
23-06-13 11:53:35,27.961,4994.5
23-06-13 12:53:35,27.961,452.1
23-06-13 13:53:35,28.060,3616.7
23-06-13 14:53:35,27.961,376.7
23-06-13 15:53:35,27.862,193.8
23-06-13 16:53:35,27.862,53.8
23-06-13 17:53:35,27.764,0.0
23-06-13 18:53:35,27.764,0.0
23-06-13 19:53:35,27.764,0.0
23-06-13 20:53:35,27.764,0.0
23-06-13 21:53:35,27.764,0.0
23-06-13 22:53:35,27.764,0.0
23-06-13 23:53:35,27.764,0.0
23-06-14 00:53:35,27.764,0.0
23-06-14 01:53:35,27.764,0.0
23-06-14 02:53:35,27.764,0.0
23-06-14 03:53:35,27.764,0.0
23-06-14 04:53:35,27.764,0.0
23-06-14 05:53:35,27.764,0.0
23-06-14 06:53:35,27.764,21.5
23-06-14 07:53:35,27.764,549.0
23-06-14 08:53:35,27.862,731.9
23-06-14 09:53:35,27.862,462.9
23-06-14 10:53:35,27.862,1345.5
23-06-14 11:53:35,28.060,495.1
23-06-14 12:53:35,27.961,1194.8
23-06-14 13:53:35,27.961,742.7
23-06-14 14:53:35,27.862,64.6
23-06-14 15:53:35,27.862,0.0
23-06-14 16:53:35,27.862,43.1
23-06-14 17:53:35,27.862,0.0
23-06-14 18:53:35,27.862,0.0
23-06-14 19:53:35,27.862,0.0
23-06-14 20:53:35,27.862,0.0
23-06-14 21:53:35,27.764,0.0
23-06-14 22:53:35,27.764,0.0
23-06-14 23:53:35,27.764,0.0
23-06-15 00:53:35,27.764,0.0
23-06-15 01:53:35,27.764,0.0
23-06-15 02:53:35,27.764,0.0
23-06-15 03:53:35,27.764,0.0
23-06-15 04:53:35,27.764,0.0
23-06-15 05:53:35,27.665,0.0
23-06-15 06:53:35,27.665,64.6
23-06-15 07:53:35,27.665,75.3
23-06-15 08:53:35,27.764,118.4
23-06-15 09:53:35,27.862,290.6
23-06-15 10:53:35,27.961,2927.8
23-06-15 11:53:35,27.961,914.9
23-06-15 12:53:35,27.862,3616.7
23-06-15 13:53:35,27.961,1377.8
23-06-15 14:53:35,27.961,1894.5
23-06-15 15:53:35,27.862,1377.8
23-06-15 16:53:35,27.862,247.6
23-06-15 17:53:35,27.764,0.0
23-06-15 18:53:35,27.764,0.0
23-06-15 19:53:35,27.764,0.0
23-06-15 20:53:35,27.764,0.0
23-06-15 21:53:35,27.764,0.0
23-06-15 22:53:35,27.665,0.0
23-06-15 23:53:35,27.764,0.0
23-06-16 00:53:35,27.764,0.0
23-06-16 01:53:35,27.764,0.0
23-06-16 02:53:35,27.764,0.0
23-06-16 03:53:35,27.764,0.0
23-06-16 04:53:35,27.764,0.0
23-06-16 05:53:35,27.665,0.0
23-06-16 06:53:35,27.665,10.8
23-06-16 07:53:35,27.764,247.6
23-06-16 08:53:35,27.862,236.8
23-06-16 09:53:35,27.862,452.1
23-06-16 10:53:35,27.961,559.7
23-06-16 11:53:35,27.961,3616.7
23-06-16 12:53:35,27.961,710.4
23-06-16 13:53:35,28.357,0.0
23-06-16 14:53:35,26.488,139.9
23-06-16 15:53:35,26.097,75.3
23-06-16 16:53:35,25.708,0.0
23-06-16 17:53:35,25.610,0.0
23-06-16 18:53:35,25.902,0.0
23-06-16 19:53:35,26.097,0.0
23-06-16 20:53:35,26.097,0.0
23-06-16 21:53:35,26.000,0.0
23-06-16 22:53:35,25.902,0.0
23-06-16 23:53:35,25.805,0.0
23-06-17 00:53:35,25.610,0.0
23-06-17 01:53:35,25.513,0.0
23-06-17 02:53:35,25.416,0.0
23-06-17 03:53:35,25.222,0.0
23-06-17 04:53:35,25.028,0.0
23-06-17 05:53:35,24.835,0.0
23-06-17 06:53:35,24.738,0.0
23-06-17 07:53:35,24.641,10.8
23-06-17 08:53:35,24.641,32.3
23-06-17 09:53:35,24.738,64.6
23-06-17 10:53:35,25.125,247.6
23-06-17 11:53:35,25.610,279.9
23-06-17 12:53:35,26.292,129.2
23-06-17 13:53:35,26.879,161.5
23-06-17 14:53:35,27.272,86.1
23-06-17 15:53:35,27.567,204.5
23-06-17 16:53:35,27.764,21.5
23-06-17 17:53:35,27.665,0.0
23-06-17 18:53:35,27.370,0.0
23-06-17 19:53:35,27.075,0.0
23-06-17 20:53:35,26.879,0.0
23-06-17 21:53:35,26.585,0.0
23-06-17 22:53:35,26.390,0.0
23-06-17 23:53:35,26.097,0.0
23-06-18 00:53:35,25.902,0.0
23-06-18 01:53:35,25.708,0.0
23-06-18 02:53:35,25.513,0.0
23-06-18 03:53:35,25.319,0.0
23-06-18 04:53:35,25.125,0.0
23-06-18 05:53:35,24.931,0.0
23-06-18 06:53:35,24.835,0.0
23-06-18 07:53:35,24.738,10.8
23-06-18 08:53:35,24.738,21.5
23-06-18 09:53:35,24.835,32.3
23-06-18 10:53:35,25.125,86.1
23-06-18 11:53:35,25.708,269.1
23-06-18 12:53:35,26.390,269.1
